Day,1981,1982,1983,1984,1985,1986,1987,1988,1989,1990,1991,1992,1993,1994,1995,1996,1997,1998,1999,2000,2001,2002,2003,2004,2005,2006,2007,2008,2009,2010
1,0.0,0.0,0.0,0.0,33.0,0.0,0.0,0.0,0.0,0.0,8.5,0.0,0.0,0.0,0.0,0.0,0.0,0.0,0.0,0.0,0.0,0.0,0.0,0.0,0.0,0.0,0.0,0.0,0.0,
2,0.0,0.0,0.0,0.0,8.0,0.0,0.0,0.0,0.0,0.0,10.4,0.0,0.0,0.0,0.0,0.3,0.0,0.0,0.0,0.0,0.0,0.0,0.0,0.0,2.1,0.0,0.0,0.0,0.0,
3,0.0,0.0,0.0,0.0,0.0,0.0,0.0,0.0,8.0,0.0,7.3,0.0,0.0,0.0,0.0,1.9285714285714286,0.0,0.0,0.0,0.0,0.0,0.0,0.0,0.0,0.0,0.0,0.0,0.0,0.0,
4,0.0,18.0,0.0,0.0,0.0,0.0,0.0,0.0,0.0,0.0,0.0,0.0,0.0,0.0,0.0,0.0,0.0,0.0,0.0,0.0,0.0,0.0,0.0,0.0,6.2,2.1,0.0,0.0,0.0,
5,1.4833333333333334,0.0,0.0,0.0,10.0,0.0,0.0,0.0,0.0,0.0,0.0,0.0,0.0,0.0,0.9666666666666666,0.0,0.0,0.0,0.0,0.0,0.0,0.0,0.0,0.0,0.0,0.0,0.0,0.0,2.3,
6,4.0,0.0,0.0,0.0,0.0,0.0,0.0,2.0,10.5,0.0,0.0,0.0,5.3,0.0,0.0,0.0,0.0,0.0,0.0,0.0,0.0,0.0,0.0,0.0,0.0,0.0,0.0,0.0,0.0,
7,10.0,0.0,0.0,0.0,0.0,0.0,0.0,0.0,13.7,0.0,0.0,0.0,30.1,0.0,0.0,0.0,0.0,0.0,0.0,0.0,0.0,0.0,0.0,0.0,0.0,0.0,0.0,0.0375,0.0,
8,0.0,0.0,0.0,0.0,0.0,0.0,0.0,0.0,15.8,0.0,5.1,0.0,28.5,0.0,0.0,0.0,0.0,0.0,8.6,0.0,0.0,0.0,0.0,0.0,0.0,0.0,0.0,0.0,0.0,
9,0.0,0.0,0.0,0.0,0.0,0.0,0.0,0.0,8.2,0.0,0.0,0.0,6.4,0.0,55.5,0.0,0.0,0.0,0.0,0.0,0.0,0.0,0.0,0.0,0.0,0.0,0.0,0.0,0.0,
10,0.0,2.0,0.0,0.0,0.0,0.0,0.0,0.0,0.0,0.0,0.0,0.0,0.0,0.0,34.0,0.0,0.0,0.0,0.0,0.0,0.0,0.0,0.0,0.0,0.0,0.0,0.0,9.5,0.0,
11,0.0,0.0,0.0,0.0,0.0,0.0,0.0,0.0,0.0,0.0,0.0,3.4,0.0,7.2,0.0,0.0,0.0,0.0,0.0,0.0,0.0,0.0,0.0,0.0,0.0,0.0,0.0,0.0,0.0,
12,0.0,0.0,0.0,0.0,0.0,0.0,3.0,8.0,0.0,0.0,0.0,25.0,0.0,2.2,0.0,0.0,0.0,0.0,0.0,1.6111111111111112,0.0,0.0,0.0,0.0,0.0,0.0,0.0,0.0,0.0,
13,0.0,0.0,0.0,0.0,0.0,0.0,0.0,18.5,0.0,0.0,0.0,0.0,0.0,0.0,0.0,0.0,0.0,0.0,0.0,18.1,0.0,0.0,0.0,0.0,0.0,0.0,0.0,0.0,0.0,
14,0.0,0.0,0.0,0.0,0.0,0.0,0.0,3.2,0.0,0.0,0.0,0.0,0.0,0.0,0.0,8.7,0.0,0.0,0.0,0.0,0.0,0.0,0.0,0.0,0.0,0.0,0.0,0.0,0.0,
15,0.0,0.0,0.0,0.0,0.0,0.0,0.0,0.0,0.0,0.0,3.1,0.0,0.0,0.0,0.0,12.4,0.0,0.0,0.0,0.0,0.0,4.1,0.0,0.0,0.0,0.0,0.0,0.0,0.0,
16,0.0,0.0,0.0,18.0,0.0,0.0,0.0,0.0,0.0,0.0,0.0,0.0,0.0,0.0,8.9,20.5,0.0,0.0,0.0,0.0,0.0,30.3,0.0,0.0,0.0,0.0,0.0,0.0,0.0,
17,0.0,0.0,0.0,0.0,0.0,0.0,14.5,0.0,0.0,0.0,0.0,0.0,4.0,30.2,0.0,8.3,0.0,0.0,0.0,0.0,0.0,1.4,0.0,0.0,4.1,0.0,0.0,2.5,0.0,
18,0.0,0.0,0.0,0.0,0.0,0.0,0.0,0.0,0.0,0.0,0.0,0.0,0.0,0.0,0.0,0.0,0.0,0.0,0.0,0.0,0.0,12.1,0.0,1.2,22.5,0.2857142857142857,0.0,5.3,0.0,
19,0.0,0.0,0.0,0.0,0.0,0.0,0.0,0.0,0.0,0.0,0.0,0.0,0.0,0.0,0.0,0.0,7.1,0.0,0.0,0.0,0.0,0.0,0.0,0.0,6.1,0.0,0.0,0.0,0.0,
20,0.0,0.0,0.0,0.0,0.0,0.0,0.0,0.0,0.0,0.0,0.0,0.0,0.0,0.0,5.9,0.0,40.1,0.0,0.0,0.0,0.0,1.5666666666666669,0.0,0.0,0.0,0.0,0.0,0.0,0.0,
21,0.0,0.0,0.0,0.0,9.0,0.0,0.0,0.0,0.0,0.0,0.0,0.0,0.0,0.0,0.0,0.0,0.0,0.0,1.2,0.0,0.0,10.8,0.0,0.0,0.0,0.0,0.0,0.0,0.0,
22,2.0,0.0,0.0,0.0,0.0,0.0,0.0,0.0,0.0,0.0,0.0,0.8,0.0,0.0,0.0,0.0,0.0,0.0,0.0,0.0,0.0,0.0,0.0,6.1,4.1,0.0,0.0,0.0,0.0,
23,4.0,1.0,0.0,0.0,0.0,0.0,0.0,0.0,0.0,0.0,0.0,0.0,0.0,0.0,0.0,0.0,0.0,0.0,0.0,0.0,0.0,0.0,0.0,4.1,22.1,0.0,0.0,0.0,0.0,
24,33.0,0.0,0.0,0.0,0.0,0.0,0.0,0.0,0.0,0.0,0.0,0.0,0.0,0.0,0.0,0.0,0.0,0.0,0.0,0.0,0.0,0.0,0.0,0.0,12.2,0.0,0.0,0.0,0.0,
25,17.0,16.0,0.0,0.0,0.0,0.0,0.0,0.0,0.0,0.0,0.0,0.0,0.0,0.0,0.0,0.0,0.0,0.0,0.0,0.0,0.0,0.0,0.0,0.0,0.0,0.0,0.0,0.0,0.0,
26,0.0,18.0,0.0,0.0,0.0,0.0,0.0,0.0,0.0,0.0,0.0,0.0,0.0,0.0,0.0,0.0,0.0,0.0,0.0,1.5,0.0,0.0,0.0,0.0,0.0,0.0,0.0,5.3,0.0,
27,0.0,3.0,22.0,0.0,0.0,30.0,0.0,0.0,0.0,0.0,0.0,0.0,0.0,0.0,0.0,0.0,0.0,0.0,0.0,2.3,0.0,1.4,0.0,0.0,0.0,0.0,0.0,0.1111111111111111,0.0,
28,0.1875,0.0,27.0,0.0,0.0,0.0,0.0,2.0,0.0,0.0,0.0,2.2,0.0,0.0,0.0,0.0,0.0,0.0,0.0,0.0,0.0,12.4,2.3,0.0,4.3,0.0,0.0,0.0,0.0,
29,0.775,0.0,7.0,0.0,0.0,0.0,0.0,0.0,0.0,0.0,0.0,1.8,1.2833333333333334,1.3,0.0,0.0,0.0,0.0,42.4,0.0,0.0,0.0,21.1,0.0,2.1,0.0,0.0,0.0,0.0,
30,18.5,0.0,0.0,0.0,0.0,3.0,0.0,0.0,0.0,0.0,0.0,14.3,1.3,10.8,0.0,0.0,0.0,3.2,0.0,0.0,0.0,0.0,0.0,0.0,0.0,0.0,0.0,0.0125,0.0,
31,0.0,21.0,0.0,0.0,0.0,0.0,0.0,0.0,0.0,0.0,0.0,40.4,8.5,2.0500000000000003,0.0,0.0,0.0,0.0,0.0,0.3,0.0,0.0,14.1,10.1,0.0,0.0,0.0,0.0,0.0,
32,0.0,2.0,0.0,0.0,0.0,0.0,0.0,0.0,0.0,0.0,0.0,0.0,5.4,0.0,0.0,0.0,0.0,0.0,0.0,26.5,0.0,0.0,20.6,6.5,3.1,0.0,0.0,0.0,0.0,
33,3.5,9.0,0.0,0.0,0.0,0.0,0.0,0.0,0.0,0.0,0.0,0.0,0.0,0.0,0.0,0.0,0.0,8.3,0.0,0.0,0.0,0.0,7.6,0.0,0.0,0.0,0.0,0.0,0.0,
34,0.0,2.5,0.0,14.0,0.0,0.0,0.0,0.0,0.0,0.0,0.0,1.0,0.0,16.8,0.0,0.0,3.2,5.8,0.6,0.0,0.0,0.0,0.0,0.0,0.0,0.0,0.0,0.0,0.0,
35,10.5,0.0,0.0,0.0,0.0,0.0,0.0,0.0,0.0,0.0,4.7,0.0,0.0,0.0,0.0,0.0,0.8,0.0,0.0,0.0,0.0,0.0,0.0,0.0,0.0,0.0,0.0,4.3,0.0,
36,0.0,0.0,0.0,0.0,4.0,0.0,0.0,0.0,0.0,5.7,0.0,0.0,0.0,0.0,0.0,0.0,0.0,0.0,0.0,11.3,0.0,0.0,0.0,0.0,6.1,0.0,0.0,0.0,0.0,
37,0.0,0.0,0.0,0.0,11.0,0.0,0.0,0.0,0.0,8.5,0.0,0.0,0.0,0.0,0.0,0.0,0.0,0.0,0.0,40.3,0.0,1.4,0.0,0.0,0.0,0.0,0.0,0.0,0.0,
38,0.0,0.0,0.0,0.0,0.0,0.0,0.0,0.0,0.0,0.0,0.0,26.8,0.0,0.0,0.0,0.0,0.0,0.0,0.0,0.0,0.0,0.5,0.0,0.0,0.0,0.0,1.9888888888888887,2.3,0.0,
39,0.0,0.0,0.0,0.0,0.0,0.0,0.0,0.0,0.0,0.0,0.0,0.0,0.0,3.2,0.0,0.0,0.0,0.0,0.0,0.0,0.0,19.5,0.0,0.0,0.0,0.0,13.3,0.0,0.0,
40,0.0,0.0,0.0,0.0,0.0,0.0,0.0,0.0,0.0,0.0,0.0,0.0,0.0,5.2,0.0,2.9625,0.0,0.0,0.0,0.0,0.0,0.2,0.0,0.0,6.2,0.0,0.0,2.4,0.0,
41,0.0,5.0,0.0,5.0,0.0,2.0,0.0,0.0,0.0,0.0,0.0,0.0,0.0,0.0,0.0,0.0,0.0,0.0,0.0,0.0,0.0,0.0,0.0,0.0,0.0,5.1,0.0,0.0,0.0,
42,0.0,0.0,0.0,0.0,0.0,10.2,0.0,0.0,0.0,6.5,0.3,0.0,0.0,0.0,0.0,0.0,0.0,0.0,0.0,12.6,0.0,0.1,0.0,0.0,0.0,0.0,0.0,0.0,10.3,
43,0.0,0.0,0.0,0.0,0.0,0.0,0.0,0.0,0.0,0.0,46.0,0.0,0.0,2.0,0.2875,10.1,0.0,0.0,0.0,26.5,0.0,42.6,0.0,0.0,0.0,0.0,0.0,0.0,10.2,
44,0.0,0.0,0.0,0.0,3.0,0.0,0.0,1.0,0.0,10.3,0.0,10.0,0.0,0.0,0.09999999999999999,0.0,0.0,0.0,0.0,0.6,0.0,0.0,0.0,0.0,0.0,0.0,33.3,0.0,0.0,
45,0.0,0.0,7.0,0.0,0.0,0.0,0.0,2.0,2.1,0.0,0.0,3.6,0.0,0.0,14.4,0.0,0.0,0.0,0.0,0.0,0.0,0.0,0.0,0.0,0.0,0.0,1.3,0.0,0.0,
46,0.0,8.0,5.0,0.0,0.0,2.1,4.3,1.5,0.0,0.0,0.0,0.0,0.0,0.24285714285714285,50.5,0.0,0.0,0.0,0.0,0.0,4.6,0.0,0.0,0.0,0.0,0.0,18.2,0.0,0.0,
47,0.0,0.0,0.0,0.0,0.0,0.0,14.8,0.0,0.0,0.0,0.0,0.0,0.0,1.088888888888889,0.0,0.0,0.0,4.5,0.0,0.0,16.9,0.0,0.0,0.0,0.0,3.4,27.3,0.0,0.0,
48,0.0,0.0,0.0,0.0,0.0,0.0,18.5,0.0,0.0,0.0,0.0,0.0,12.7,0.0,0.0,0.0,0.0,0.0,0.0,0.0,0.0,0.0,0.0,0.0,2.1,0.0,0.0,0.0,0.0,
49,0.0,0.0,0.0,50.0,0.0,0.0,2.3,0.0,0.0,3.1,0.0,0.0,10.4,4.3,0.0,0.0,0.0,0.0,0.0,0.0,0.0,0.0,2.2,0.0,0.0,0.0,8.3,0.0,0.0,
50,0.0,0.0,0.0,54.0,0.0,0.0,0.0,0.0,1.2,20.6,0.0,0.0,0.0,0.0,0.0,0.0,0.0,0.0,0.0,0.0,0.0,0.0,44.5,0.6111111111111112,0.0,0.0,0.0,7.5,0.0,
51,0.0,0.0,0.0,4.0,0.0,0.0,0.0,0.0,3.1,2.0,0.0,0.0,0.4,0.0,0.0,0.0,0.0,0.0,0.0,0.0,0.0,0.0,30.6,0.5,0.0,0.0,0.0,4.3,0.0,
52,0.0,0.0,0.0,0.0,0.0,0.0,0.0,1.2,0.0,0.0,0.0,0.3,0.0,2.4,0.0,0.0,0.0,0.0,0.0,0.0,2.1,0.0,0.0,0.0,22.5,0.0,0.0,0.0,0.0,
53,0.0,0.0,0.0,0.0,0.0,0.0,0.0,10.8,0.0,0.0,0.0,0.0,0.0,10.7,0.0,0.0,0.0,0.0,0.0,0.0,0.0,0.0,0.0,0.0,8.2,0.0,0.0,0.0,0.0,
54,0.0,0.0,3.0,0.0,0.0,0.0,0.0,24.8,0.0,3.1,0.0,0.0,0.0,4.949999999999999,27.6,0.0,2.3,0.0,0.0,0.0,0.5,0.0,0.0,0.0,1.2,0.0,0.0,0.0,0.0,
55,0.0,0.0,0.0,0.0,0.0,0.0,0.0,14.5,0.0,2.0,0.0,0.5375,0.0,0.0,0.0,0.0,0.0,4.6,6.7,0.0,0.0,3.5,0.0,0.0,0.0,0.0,0.0,0.0,0.0,
56,0.0,0.0,7.0,0.0,0.0,0.0,0.0,0.0,0.0,0.0,0.0,0.0,6.0,0.0,0.0,5.4,10.2,16.2,3.771428571428572,0.0,16.6,8.5,0.0,0.0,0.0,0.0,0.0,0.0,0.0,
57,0.0,0.0,2.0,0.0,0.0,0.0,0.0,0.0,0.0,15.3,10.7,0.0,17.4,0.0,0.0,5.3,0.0,6.7,0.0,0.0,19.1,0.0,0.0,0.0,0.0,0.0,0.0,0.0,0.0,
58,7.5,11.0,0.0,0.0,0.0,0.0,0.0,0.0,0.0,0.0,36.1,0.0,8.3,0.0,7.6,48.7,0.0,0.0,0.0875,0.0,1.5,0.0,0.0,0.0,0.0,4.3,0.0,0.0,0.0,
59,11.0,13.0,2.0,0.0,0.0,0.0,0.0,30.8,0.0,20.5,0.0,0.0,5.1,0.0,5.8,14.1,0.0,0.0,0.0,0.0,0.0,0.0,0.0,0.0,0.0,0.0,24.3,0.0,0.0,
60,0.0,15.0,4.0,0.0,0.0,0.0,0.0,14.5,14.1,55.8,0.0,0.0,11.0,0.0,0.0,0.0,0.0,0.0,0.0,0.0,0.0,0.0,0.0,0.0,0.0,0.0,47.5,0.0,0.0,
61,0.0,5.0,0.0,0.0,0.0,4.1,0.0,0.0,0.0,0.0,0.0,0.0,8.0,0.0,0.0,0.0,0.0,0.0,0.0,0.0,0.0,17.8,28.8,0.0,0.022222222222222223,0.0,6.4,0.0,0.0,
62,0.0,0.0,0.0,0.0,0.0,0.0,0.0,0.0,0.0,0.0,0.6,0.0,0.0,0.0,0.0,0.0,0.17777777777777778,0.0,0.0,0.0,0.0,13.7,11.4,0.0,0.0,0.0,0.0,0.0,0.0,
63,0.0,5.0,0.0,0.0,0.0,0.0,0.0,0.0,0.0,0.0,33.0,0.0,0.0,0.0,0.0,0.0,0.0,0.0,0.0,0.0,0.0,0.0,1.3,0.0,0.0,0.0,0.0,0.0,0.0,
64,5.5,8.0,0.0,0.0,0.0,0.0,0.0,0.0,0.0,0.0,3.0,0.0,0.0,0.0,0.0,0.0,0.0,0.21666666666666667,0.0,0.0,0.0,0.0,0.0,0.0,0.0,5.2,0.0,0.0,0.0,
65,0.0,26.0,0.0,0.0,0.0,1.1,0.0,0.0,0.0,0.0,0.0,0.0,0.0,0.0,0.0,0.0,0.0,32.1,0.0,10.7,1.5,0.0,0.0,0.0,0.0,0.0,0.0,12.0,0.0,
66,0.0,0.0,0.0,0.0,0.0,0.0,1.2,0.0,0.0,0.0,0.0,0.0,0.0,0.0,0.0,0.0,0.0,3.5,0.0,0.0,0.0,0.0,0.0,0.0,0.0,0.0,0.0,2.3,0.0,
67,0.0,0.0,0.0,0.0,0.0,0.0,4.3,0.0,0.0,0.0,0.0,0.0,0.0,0.0,0.5333333333333333,4.4,0.0,0.0,0.0,0.0,0.0,0.0,0.0,0.0,0.0,0.0,0.0,0.0,0.0,
68,0.0,0.25555555555555554,0.0,0.0,0.0,0.0,0.0,5.3,0.0,0.0,6.3,0.0,0.0,0.0,0.0,2.822222222222222,0.0,0.0,0.0,0.0,0.0,0.0,0.0,0.0,0.0,0.0,0.0,0.0,0.0,
69,0.0,8.0,0.0,0.0,0.0,0.0,0.0,15.5,0.0,13.3,4.9,0.0,3.1,0.0,0.0,0.0,0.0,0.0,0.0,0.0,0.0,0.0,0.0,0.0,12.2,0.0,0.0,0.0,0.0,
70,1.65,0.0,0.0,0.0,0.0,0.0,0.0,0.0,0.0,5.4,0.0,0.0,10.5,0.0,0.0,0.0,0.0,0.0,0.0,0.0,0.0,0.0,0.0,0.0,0.0,25.3,0.0,0.0,0.0,
71,0.0,0.0,3.0,0.0,0.0,1.0,0.0,10.3,0.0,4.3,0.0,0.7,7.6,0.0,0.1,0.0,0.0,6.8,0.0,0.0,0.0,0.0,0.0,0.0,2.1500000000000004,1.1,24.5,0.0,0.0,
72,0.2625,0.0,0.0,0.0,0.0,0.0,0.0,50.8,0.0,5.4,0.0,0.0,0.0,0.0,0.0,0.0,0.125,23.2,0.0,0.0,0.2888888888888889,0.0,0.0,0.0,0.0,0.0,32.5,0.0,0.0,
73,0.0,0.0,0.0,0.0,0.0,0.0,10.5,20.5,0.0,0.0,14.0,2.3,6.1125,0.0,0.0,0.0,0.0,0.5,0.0,1.4,0.0,0.0,0.0,4.1,0.0,0.0,26.3,0.0,0.0,
74,4.0,0.0,0.0,0.0,0.0,10.2,0.0,10.7,0.0,0.0,0.0,4.5,5.5,2.3,0.0,0.0,0.7,0.0,0.0,0.0,1.3,0.0,0.0,0.0,0.0,4.3,21.2,0.3,0.0,
75,9.5,16.0,12.5,0.0,0.0,0.0,0.0,0.0,0.0,0.0,0.0,0.0,0.0,0.0,0.0,0.0,21.2,0.0,0.0,0.0,1.6,0.0,0.0,0.0,0.0,11.2,0.0,0.0,0.0,
76,0.0,6.0,0.0,0.0,0.0,0.0,0.0,0.0,0.0,0.0,0.0,0.0,0.0,0.0,0.0,0.0,2.2,1.4,0.0,0.0,0.0,0.0,0.022222222222222223,0.0,2.5,0.0,0.0,0.0,0.0,
77,0.0,2.0,0.0,0.0,0.0,8.1,0.0,0.0,0.0,0.0,0.0,0.0,0.0,0.0,0.0,4.288888888888889,0.05555555555555555,20.1,0.0,0.0,0.0,0.0,0.0,0.0,0.0,0.0,0.0,0.3,0.0,
78,0.0,0.0,0.0,0.0,0.0,15.0,0.0,0.0,0.0,0.0,0.0,0.0,0.0,0.0,0.0,8.5,0.0,0.0,0.0,0.8166666666666668,0.0,0.0,0.0,0.0,0.0,0.0,0.0,0.0,0.0,
79,21.5,0.0,27.0,0.0,0.0,3.2,3.2999999999999994,0.0,0.0,0.0,0.0,0.0,0.0,0.0,0.0,4.7,0.5,0.0,0.0,2.3124999999999996,0.0,0.0,0.0,0.0,2.5,0.0,0.0,0.0,0.0,
80,6.0,0.0,12.0,0.0,0.0,0.0,0.0,2.1,0.0,0.0,0.0,1.4,1.325,2.8,0.0,0.0,30.5,0.0,0.0,0.0,0.0,0.0,0.0,0.0,0.0,1.5,0.0,2.5,6.4,
81,0.0,3.5,0.0,0.0,0.0,0.0,0.0,3.2,0.0,10.5,0.0,0.0,0.0,0.0,0.0,0.0,0.0,4.1,0.0,1.3,2.1,1.5,0.0,0.0,12.4,0.0,3.2,0.0,2.1,
82,0.0,12.0,0.0,0.0,0.0,0.0,0.0,0.0,0.0,18.5,18.5,0.0,0.0,0.0,0.0,0.0,1.4625,0.4,0.0,0.0,13.5,0.0,0.0,0.0,0.0,0.0,0.0,0.0,0.0,
83,0.0,10.5,0.0,0.0,2.0,0.0,0.0,0.0,0.0,20.2,3.0,2.0,41.0,0.0,0.0,6.4,0.0,0.0,0.0,12.7,7.5,6.3,0.0,0.0,0.0,0.0,0.0,0.0,0.0,
84,0.0,0.0,0.0,0.0,4.0,0.0,0.0,0.0,0.0,10.5,0.0,0.0,43.2,0.0,0.0,0.0,0.0,0.0,0.05,18.3,0.0,0.0,18.6,0.0,0.1,0.0,0.0,0.0,0.0,
85,0.0,0.0,7.0,0.0,0.0,0.0,0.0,0.0,0.0,0.0,0.0,0.0,45.5,0.0,5.2,0.0,0.0,0.0,0.0,0.0,0.0,2.1,7.1,0.0,0.0,0.0,0.0,0.0,1.0,
86,0.0,0.0,0.0,0.0,0.0,0.0,0.0,0.0,0.0,0.0,0.0,0.0,0.0,4.0,41.9,0.0,0.0,0.0,0.0,0.0,0.0,0.0,0.0,0.0,0.0,0.3,0.0,0.0,0.0,
87,0.0,0.0,0.0,12.0,0.0,0.0,0.0,6.8,15.3,11.4,0.0,0.0,0.0,0.0,5.7,0.0,0.0,44.4,0.0,0.0,0.0,1.5,0.0,0.0,0.0,0.0,0.0,2.5,4.4,
88,4.0,0.0,0.0,0.0,0.0,0.0,0.0,5.2,18.1,20.5,0.0,0.0,0.0,0.0,4.7,0.0,2.855555555555555,11.4,0.0,0.0,0.0,1.6,0.0,0.0,0.0,0.0,0.0,0.0,0.0,
89,17.3,0.0,0.0,0.0,0.0,0.0,0.0,0.0,0.0,0.0,0.0,0.0,0.0,0.0,1.2,4.2,17.1,0.0,0.0,0.0,6.3,0.0,5.2,0.0,0.0,0.0,0.0,0.0,0.0,
90,5.0,0.0,0.0,0.0,0.0,17.1,0.0,0.0,0.0,3.0,0.0,0.0,0.0,1.6888888888888889,0.0,0.0,0.2,0.0,0.0,0.0,6.2,0.0,0.6,0.3,0.0,0.0,0.0,0.0,0.0,
91,0.0,0.0,0.0,0.0,0.0,0.0,0.0,0.0,0.0,2.1,0.5,0.0,0.0,17.9,0.0,0.0,1.5,0.0,0.0,0.0,6.2,5.911111111111111,0.0,0.0,0.0,0.0,0.0,2.3,0.0,
92,0.0,0.0,0.0,0.0,0.0,0.0,0.0,0.0,0.0,4.5,0.9,0.0,0.0,0.0,0.13333333333333333,0.0,10.5,0.0,0.0,0.0,19.4,8.6,0.0,0.0,0.0,0.0,0.0,4.2,0.0,
93,0.0,0.0,0.0,3.0,0.0,5.1,0.0,0.0,0.0,0.0,0.0,0.0,0.0,4.4,0.0,0.0,0.5,0.2,0.0,0.0,0.0,0.0,0.0,0.0,0.0,0.0,0.0,0.625,0.0,
94,7.0,0.0,0.0,0.0,0.0,3.0,0.0,0.0,0.0,2.3,0.0,0.0,0.0,0.0,0.0,0.0,49.5,4.611111111111111,0.0,0.0,0.0,0.0,0.0,0.0,0.0,0.0,0.0,6.3,0.0,
95,0.0,0.0,0.0,0.0,0.0,0.0,0.0,0.0,0.0,0.0,0.0,0.0,0.0,2.1,0.0,0.0,1.9124999999999999,45.7,0.0,0.0,0.0,0.0,5.6,0.0,0.0,0.0,0.0,0.0,0.0,
96,0.0,11.0,0.0,0.0,2.0,0.0,0.0,0.0,0.0,0.0,0.0,0.0,0.0,14.2,0.0,0.0,12.5,0.0,0.0,0.0,0.0,0.0,0.0,0.0,0.0,0.0,0.0,12.3,0.0,
97,0.0,4.5,0.0,0.0,4.0,0.0,0.0,0.0,0.0,0.0,0.0,0.0,5.4,0.0,0.0,0.0,0.0,0.0,0.0,0.0,0.0,0.0,0.0,22.3,0.0,0.0,0.0,0.0,0.4,
98,0.0,0.0,0.0,1.0,5.0,0.0,0.0,0.0,0.0,0.0,0.0,0.0,10.0,2.2,0.0,2.8,1.5,0.4,0.0,0.0,0.0,0.0,0.0,0.0,0.0,0.0,0.0,0.0,0.0,
99,0.0,0.0,6.5,0.0,0.0,0.0,30.7,0.0,0.0,0.0,22.4,0.0,0.0,0.0,0.0,2.5,1.5,27.7,9.1,0.0,2.1,5.6,0.0,22.4,10.1,0.0,0.0,0.0,40.4,
100,0.0,0.0,3.0,2.0,22.0,0.0,8.5,0.0,4.0,0.0,1.3,0.0,0.0,0.0,0.0,0.0,0.0,7.5,0.0,0.0,0.0,0.5111111111111111,0.0,2.2,0.0,26.8,5.2,0.0,11.3,
101,0.0,2.5,0.0,0.0,0.0,0.0,0.0,0.0,0.525,0.0,0.0,0.0,0.0,0.0,8.1,0.0,0.0,0.0,0.0,0.0,0.0,4.1,5.2,17.1,0.0,0.0,0.0,0.0,0.0,
102,0.0,0.0,14.0,8.0,0.0,15.0,0.0,0.0,0.0,0.0,0.0,0.0,0.0,0.0,18.2,0.0,0.0,0.0,0.0,0.1111111111111111,0.0,0.0,0.0,0.0,0.0,0.0,0.0,0.0,0.0,
103,0.0,0.0,2.0,0.0,0.0,0.0,0.0,0.0,0.0,0.15555555555555556,0.0,0.0,0.0,0.0,0.2222222222222222,0.0,2.5,0.0,0.0,0.0,0.0,0.0,0.0,0.0,0.0,0.0,0.0,43.3,0.0,
104,0.0,0.0,7.0,0.0,4.0,0.0,0.0,0.0,0.0,6.4,6.0,0.0,0.0,4.1,0.0,0.0,4.6375,0.0,0.0,0.0,0.2,0.0,0.0,0.0,0.0,0.0,0.0,0.9375,0.0,
105,16.5,0.0,47.0,0.0,10.0,0.0,0.0,0.0,0.0,0.0,14.5,0.0,0.0,4.5,0.0,0.0,0.0,0.0,0.0,0.0,7.2,0.0,0.0,0.0,0.0,0.0,0.0,0.0,0.0,
106,6.0,0.0,65.0,6.0,0.0,0.0,0.0,0.0,0.0,0.0,0.0,0.0,0.0,0.0,0.0,0.0,0.0,0.0,0.0,6.3,17.4,0.0,5.2,0.0,0.0,0.0,5.35,0.0,0.0,
107,7.3,13.0,25.0,0.0,0.0,0.0,0.0,0.0,0.0,0.0,0.0,0.0,0.0,4.5,0.45,0.0,0.0,0.0,0.0,22.7,4.3,0.0,0.0,0.0,0.0,4.3,21.1,0.0,0.0,
108,3.0,2.0,0.0,0.0,0.0,0.0,0.0,0.0,0.0,0.0,0.0,0.0,0.0,0.0,0.4,0.0,2.5,0.0,0.0,24.3,3.0875,0.0,0.0,0.0,0.0,6.2,19.862499999999997,0.4,0.0,
109,0.0,1.0,0.0,0.0,0.0,0.0,0.0,21.0,0.0,0.0,0.0,0.0,0.0,0.0,0.0,3.533333333333333,0.0,0.0,0.0,0.0,28.4,0.0,0.0,0.0,0.0,4.3,2.4857142857142853,0.0,0.0,
110,0.0,0.375,0.0,0.0,0.0,0.0,0.0,4.3,0.0,0.0,0.0,0.0,0.0,0.0,0.0,0.0,1.3,0.0,0.0,0.0,0.0,0.0,2.1444444444444444,0.0,0.0,6.8,6.555555555555555,0.0,0.0,
111,0.0,0.0,0.0,0.0,0.0,0.0,0.0,2.0,0.0,0.0,0.0,0.0,0.0,2.0,0.0,0.0,0.0,0.0,0.0,0.0,0.0,0.022222222222222223,0.0,0.0,0.0,0.0,0.0,0.0,0.0,
112,0.0,0.0,8.0,0.0,0.0,0.0,0.0,2.1,0.0,0.0,0.0,0.0,0.0,6.5,0.0,4.1,8.3,0.0,0.0,6.7,14.6,0.0,0.0,0.0,0.0,0.0,19.5,0.0,0.0,
113,0.0,0.0,3.0,20.0,0.0,2.0,11.2,5.1,0.0,0.0,0.4,0.0,0.0,4.0,0.0,0.4,0.0,0.0,0.0,0.3,0.0,0.0,0.0,10.5,14.1,0.0,2.8111111111111113,0.0,0.0,
114,0.0,0.0,0.0,6.0,0.0,1.0,6.3,0.0,0.0,0.0,0.0,0.0,0.0,8.6,1.3,9.2,0.4375,8.5,0.0,0.2,0.0,0.0,0.0,2.4,0.0,14.3,2.855555555555556,0.0,0.0,
115,0.0,0.0,0.0,0.0,1.0,5.4,4.0,15.3,0.0,0.0,0.0,0.0,4.5,0.0,0.0,4.6,0.0,4.388888888888889,0.0,0.3,0.0,15.3,0.0,24.1,0.0,2.725,0.15,0.0,0.0,
116,0.0,0.0,0.0,0.0,0.0,25.3,0.0,0.0,0.0,2.8,0.0,0.0,0.0,0.0,0.0,0.0,2.9,0.0,0.0,1.3,0.0,58.4,0.0,0.0,14.1,14.5,0.5,0.0,0.0,
117,0.0,14.0,3.0,0.0,0.0,0.0,6.5,1.0,0.0,0.0,0.0,0.0,0.0,0.0,0.0,0.0,13.05,14.6,0.0,2.7,0.0,0.0,0.0,0.0,0.1,0.0,0.0,0.0,0.0,
118,0.0,4.0,0.0,5.0,0.0,8.0,0.0,0.0,0.0,3.0,0.0,0.8,12.5,0.0,0.0,0.0,0.0,0.0,0.0,24.3,8.5,5.699999999999999,18.6,0.0,0.0,4.3,0.0,0.0,0.0,
119,0.0,18.0,0.0,10.0,11.0,0.0,0.0,14.5,0.0,1.7,0.0,0.0,0.0,0.0,0.0,2.5,3.5,0.0,0.0,7.58888888888889,3.7,4.1,0.0,52.2,0.0,6.2,2.5,0.0,0.0,
120,0.0,0.0,6.0,2.0,0.0,0.0,50.2,0.0,0.0,0.0,0.0,0.0,0.0,2.5,0.0,0.1,0.0,0.0,0.0,0.0,0.5,0.0,1.8,2.2,4.757142857142857,0.0,0.3,0.0,0.0,
121,0.0,0.0,1.0,0.0,8.0,0.0,8.3,0.0,0.0,6.8,0.0,20.6,0.8,0.0,0.0,0.0,13.5,0.0,0.0,0.0,7.6,0.0,0.3,24.5,12.5,4.3,0.0,0.0,0.0,
122,0.0,0.0,0.0,0.0,1.0,0.0,8.5,0.0,0.0,0.0,2.0,4.1,0.0,0.0,0.0,4.8,0.0,0.0,1.3,0.0,6.9375,0.0,0.6,3.3,1.1,0.0,18.3,0.0,0.0,
123,9.5,0.0,0.0,0.0,4.0,0.0,20.2,6.0,0.0,0.0,11.8,10.5,18.0,0.0,0.0,0.0,14.0,0.0,0.0,0.0,15.6,0.0,6.2,0.0,2.1,4.4,0.0,16.3,15.4,
124,0.0,13.0,0.0,0.0,0.0,0.0,0.0,1.0,0.0,0.0,0.0,0.0,0.0,0.0,0.0,0.0,3.7875,0.0,0.3,0.0,18.1,4.1,30.3,0.0,10.5,0.1625,0.5,0.0,2.3,
125,0.0,0.0,3.0,0.0,1.0,0.0,3.1,12.5,0.0,0.0,0.0,0.0,0.0,0.0,0.0,0.26666666666666666,7.388888888888889,0.0,0.0,0.0,0.0,26.6,0.0,0.0,5.1,0.0,0.4,0.0,0.0,
126,23.0,3.0,0.0,0.0,0.0,0.0,15.3,4.1,0.0,0.0,0.0,0.0,0.0,10.5,0.0,0.0,8.4,2.3,0.0,4.1,0.0,1.4,0.0,0.0,0.0,0.0,0.0,12.5,0.0,
127,14.0,0.0,0.0,0.0,0.0,0.0,0.0,6.5,0.0,0.0,0.0,0.0,0.0,0.0,0.0,0.0,10.1,11.4,0.0,8.2,5.8,25.1,0.0,0.0,18.1,7.3374999999999995,6.3,0.0,0.0,
128,12.0,0.0,0.0,0.0,0.0,0.0,0.0,4.1,0.0,5.3,0.0,0.0,0.0,2.0,0.0,0.0,2.3,16.8,0.0,7.8,0.5,0.0,0.0,0.0,1.5666666666666667,24.2,0.0,1.875,0.0,
129,10.0,4.0,0.0,7.0,0.0,0.0,0.0,15.3,0.0,0.0,0.0,0.0,0.0,4.0,38.4,0.0,0.0,0.4,1.3,0.0,0.0,0.0,0.0,0.0,9.766666666666667,8.3,16.2,10.3,0.0,
130,0.0,0.0,5.0,5.0,7.0,35.2,10.5,4.1,0.0,14.6,0.0,0.0,25.0,4.4,0.25,0.0,0.0,1.2,0.0,0.8,40.5,4.6,0.0,0.0,4.6875,0.0,0.2,1.4749999999999999,0.0,
131,0.0,40.0,6.0,0.0,16.2,16.4,0.0,0.0,0.0,0.0,0.0,0.0,0.0,4.8,0.0,0.0,0.0,3.2,0.0,0.2714285714285714,0.0,25.4,0.0,0.0,0.0,47.2,0.0,0.0,7.3,
132,0.0,38.5,20.0,13.0,6.0,8.0,0.0,0.0,0.02,4.7,0.0,0.0,0.0,0.0,4.5,0.0,0.0,0.0,0.0,0.0,0.0,0.0,3.7,0.0,0.0,10.2,16.2,1.5,1.3,
133,18.0,0.0,0.0,1.5,0.0,0.0,8.5,0.0,4.0,2.5,0.0,0.0,0.0,0.0,6.1,2.6,0.0,0.0,28.3,0.0,7.1,0.0,0.23333333333333334,0.0,0.0,0.0,0.0,0.0,6.2,
134,12.0,3.5,0.0,21.5,4.0,10.0,0.0,0.0,24.5,0.0,0.0,0.0,0.0,0.0,4.371428571428571,0.0,0.0,0.0,3.4,19.5,12.1,0.0,0.0,0.0,2.3,0.0,0.0,0.0,8.883333333333333,
135,0.0,0.0,0.0,0.0,17.6,50.3,0.0,0.0,0.0,0.0,0.0,0.0,0.0,2.3,0.2,0.0,0.0,0.0,0.0,0.0,4.1,0.0,0.0,0.0,1.2,20.3,0.0,0.0,14.3,
136,0.0,0.0,2.0,0.0,0.0,3.0,0.0,3.0,0.0,5.3,0.0,0.3333333333333333,0.0,4.2,0.0,0.47500000000000003,0.0,0.0,0.0,4.1,20.1,2.3,0.0,0.0,0.0,0.0,0.0,0.3,6.3,
137,0.0,0.0,6.0,0.0,0.0,17.4,0.0,0.0,2.0,0.0,0.0,0.0,28.0,7.48888888888889,0.0,5.5,0.0,42.6,0.0,11.4,3.0,0.0,0.0,0.0,0.0,0.3,35.2,6.2,14.3,
138,0.0,2.0,0.0,0.0,0.0,20.1,0.0,10.5,2.242857142857143,6.2,0.0,2.6,0.0,0.42857142857142855,0.0,0.6428571428571429,0.0,8.5,8.6,0.0,0.0,34.5,0.0,0.0,0.0,9.333333333333334,2.2,18.3,3.2555555555555555,
139,3.0,0.0,0.0,0.0,0.0,30.7,0.0,14.8,15.0,45.6,5.0,0.3888888888888889,21.1,0.1111111111111111,0.0,0.0,0.0,1.5,16.1,0.0,0.0,1.3,8.3,0.0,0.3,20.2,42.3,11.5,3.2875,
140,11.0,0.0,0.0,0.0,0.0,45.2,0.0,0.0,2.1,13.4,0.0,0.0,0.0,10.2,0.1,0.0,0.0,0.0,11.5,0.0,32.5,1.8,0.0,2.8555555555555556,0.1,8.2,37.2,5.3,0.0,
141,8.0,2.5,16.0,0.0,13.2,14.1,0.0,0.0,1.5999999999999999,0.0,1.6,0.0,10.0,0.0,0.0,5.2,0.34444444444444444,0.0,8.6,0.5,0.4,0.0,8.5,0.0,0.5625,8.4,0.0,0.0,1.2888888888888888,
142,0.0,0.0,3.0,0.0,14.8,2.0,0.0,0.0,0.0,28.1,0.0,0.0,0.0,7.2,0.825,0.0,0.0,0.0,0.0,54.5,1.8,0.0,1.8142857142857145,0.0,2.2,6.2,0.0,0.0,44.5,
143,0.0,0.0,4.0,0.0,0.0,0.0,0.0,0.0,23.8,32.3,0.0,3.0,0.0,12.1,0.0,0.0,0.0,0.0,0.0,6.5,0.0,0.0,14.1,6.3,0.0,0.0,0.0,0.0,18.4,
144,0.0,0.0,2.0,0.0,0.0,0.0,9.2,42.0,4.7,30.2,5.3,0.0,0.8125,7.0,0.2285714285714286,0.0,0.0,0.0,0.0,100.2,0.0,22.1,0.0,0.3,0.0,10.6,0.1125,1.3,0.0,
145,34.0,0.0,0.0,0.0,20.1,0.0,0.0,0.0,0.0,3.6,0.0,58.4,7.4,20.4,0.0,0.0,8.755555555555555,1.3,0.0,10.5,4.5,4.1,4.1,7.125,0.0,0.0,0.0,0.0,3.3111111111111113,
146,12.0,0.0,0.0,0.0,10.4,0.0,0.0,0.0,40.4,0.0,0.0,2.8,0.7,7.0,0.0,0.0,0.7,6.4,0.0,19.833333333333332,7.3,22.6,6.1,0.0,0.0,4.5,1.3,0.0,0.0,
147,13.0,13.0,0.0,0.0,0.0,0.0,0.0,0.0,2.3,18.5,6.1,0.0,0.0,4.0,0.0,0.0,1.5,17.2,0.0,24.4,0.0,0.0,0.0,54.4,0.0,0.4,13.2,0.0,0.0,
148,4.0,0.0,5.0,0.0,0.0,0.0,0.0,0.0,0.0,9.4,0.0,0.0,0.0,3.3,0.0,0.0,0.7,3.966666666666667,0.0,0.0,0.0,10.1,0.0,2.2,0.0,0.0,0.0,14.3,4.2,
149,0.0,0.0,3.0,0.0,0.0,0.0,0.0,0.0,4.5,19.1,0.0,4.2,22.0,0.0,0.0,0.0,9.1,0.0,2.1,3.4,10.2,0.0,0.0,10.5,0.0,0.0,0.0,0.0,2.1,
150,10.0,0.0,0.0,6.0,0.0,0.0,0.0,2.1,10.3,12.0,0.0,8.0,0.0,3.457142857142857,0.0,0.0,0.0,0.0,0.0,0.0,2.2,0.0,0.0,13.5,0.0,0.0,8.2,8.3,20.3,
151,11.0,0.0,0.0,15.0,0.0,9.0,0.0,0.0,0.0,8.5,15.0,0.0,11.0,17.4,0.0,10.1,2.1,0.0,0.0,7.1,22.4,2.1,0.0,6.5,0.0,0.0,10.3,0.0,2.3,
152,6.0,0.0,0.0,0.0,8.5,0.0,0.0,0.0,2.0,0.0,3.6625,0.0,16.033333333333335,45.0,0.0,3.9857142857142853,0.48888888888888893,0.0,2.6,42.2,0.0,0.6,0.0,2.4,0.0,0.0,0.0,0.0,0.0,
153,0.0,0.0,0.0,0.0,0.0,3.0,0.0,3.0,0.0,0.0,3.0,0.0,0.0,0.0,0.0,3.2875,0.0,0.0,0.0,0.0,2.5,0.0,0.0,6.4,0.0,0.0,0.0,8.2,0.0,
154,0.0,0.0,0.0,0.0,0.0,0.0,0.0,10.5,0.0,0.0,38.8,0.0,0.0,0.0,0.0,30.3,0.5,0.0,13.7,2.3125,24.5,0.0,0.0,12.3,0.0,22.5,0.0,68.5,0.0,
155,3.0,2.5,0.0,0.0,0.0,0.0,10.5,4.3,10.1,0.0,27.3,0.0,0.0,1.625,0.0,8.6,8.7,0.0,5.6,4.3,15.5,0.0,0.0,34.5,0.0,24.3,0.0,4.5,0.0,
156,5.0,0.0,0.0,0.0,0.0,0.0,0.0,30.8,8.3,0.0,0.0,0.0,0.0,0.1,0.0,15.3,2.7,2.5,0.0,0.0,0.0,12.4,43.5,12.2,0.8,30.6,0.0,6.3,0.0,
157,0.0,1.0,0.0,20.0,10.1,0.0,10.3,6.1,30.5,0.0,12.0,0.0,0.0,3.0,0.0,42.2,4.377777777777777,0.0,2.6,5.1,0.0,2.0,2.8,4.2,12.3,2.3,0.0,36.5,38.1,
158,0.0,3.0,0.0,26.5,2.0,0.0,0.0,0.0,2.0,0.0,0.0,0.0,6.0,0.0,0.0,4.1,0.6,0.0,0.0,4.5,0.0,5.266666666666667,2.0,30.3,11.3,0.0,0.0,0.0,0.0,
159,0.0,4.0,0.0,6.0,0.0,0.0,0.0,0.0,0.0,0.0,20.1,0.0,16.2,0.0,0.0,7.1,2.1,0.0,0.0,58.5,0.875,0.0,0.0,0.0,2.3,0.0,0.0,20.5,0.0,
160,5.375,0.0,20.0,2.0,4.0,0.0,15.2,0.0,4.1,0.0,0.0,4.0,17.0,3.2,0.0,0.0,13.4,0.0,0.0,11.8,3.533333333333333,0.0,0.6,24.5,0.0,0.0,4.2125,0.3,0.0,
161,0.0,11.0,2.0,3.0,3.4,0.0,4.0,0.0,7.3,0.0,0.0,10.1,2.0,0.0,1.4857142857142855,8.2,0.0,0.0,2.1,10.4,1.2,0.0,0.0,14.2,0.0,0.0,6.3,0.0,0.0,
162,0.0,120.0,6.0,2.0,30.6,0.0,0.0,0.0,0.0,34.0,10.4,1.3,1.3,22.0,0.0,42.2,0.30000000000000004,8.1,10.2,4.5,0.0,25.1,0.0,10.1,0.0,0.0,8.5,20.2,0.0,
163,0.0,21.0,1.0,0.0,0.0,0.0,0.0,2.1,0.0,9.3,40.1,0.6,0.5555555555555556,0.0,8.4,0.0,7.5,3.6,42.4,0.0,2.2,2.4,0.0,0.0,0.0,0.0,13.588888888888889,0.0,0.0,
164,0.0,7.0,1.0,18.0,0.0,0.0,0.0,0.0,0.0,0.0,2.0,8.0,43.0,3.1,6.3,0.0,8.1,21.5,22.8,0.0,25.5,12.0,0.0,6.2,0.0,0.0,24.3,0.2,7.3,
165,0.0,2.5,27.0,2.0,0.0,12.1,0.0,0.0,10.5,0.0,0.0,10.4,22.0,0.0,2.3,98.2,5.2,0.0,0.0,0.0,28.5,4.0,0.0,0.0,0.0,0.0,18.3,0.2,0.0,
166,0.0,3.0,0.0,0.0,5.6,0.0,0.0,20.5,1.0,0.0,0.0,2.0,0.0,0.0,0.2,0.0,0.0,1.9500000000000002,0.0,0.0,0.0,0.0,6.1,34.5,0.0,0.0,34.2,2.3,0.0,
167,0.0,1.0,0.0,1.0,3.4,3.5,0.0,8.1,0.0,0.0,0.0,25.3,4.0,0.0,0.0,2.1,0.0,0.925,5.574999999999999,0.0,0.0,0.0,0.0,0.0,0.0,2.611111111111111,10.5,80.5,0.0,
168,5.0,0.0,6.0,0.0,0.0,50.5,0.0,2.1,0.0,8.0,0.0,27.8,4.0,0.0,0.0,0.0,1.2,10.1,8.744444444444445,15.288888888888888,3.5,23.1,12.9,2.1,0.0,0.0,21.9,143.0,0.0,
169,0.0,0.0,0.0,0.0,15.3,0.0,0.0,3.0,2.3,7.1,0.0,0.0,26.6,9.559999999999999,28.2,6.5,4.922222222222222,13.7,11.5,6.6,28.5,2.4,0.6,18.8,0.0,0.0,0.0,0.0,3.577777777777778,
170,38.0,0.0,0.0,40.0,4.0,13.5,0.0,10.3,3.1,0.0,0.0,0.0,0.0,50.3,70.0,1.4,19.5,1.4,28.5,13.1,14.1,0.0,0.0,20.2,0.0,2.2,0.0,0.5,0.0,
171,24.0,6.0,0.0,3.0,0.0,40.0,0.0,0.0,1.4,4.0,0.0,41.6,8.3,8.4,6.2,28.5,2.8,0.0,7.9,15.5,0.0,0.0,6.6,4.3,0.0,0.0,5.800000000000001,2.3,0.0,
172,5.0,0.0,0.0,10.0,0.0,8.2,0.0,2.1,0.0,1.6,0.0,4.0,0.0,130.5,0.4,10.5,0.0,0.0,1.8,70.5,17.555555555555557,0.0,0.5,28.3,30.3,0.0,2.888888888888889,8.5,0.0,
173,0.0,0.0,0.0,0.0,0.0,10.5,0.0,0.0,8.2,7.3,0.0,50.7,36.3,14.5,10.5,24.2,0.0,0.0,0.0,24.1,40.1,0.0,6.7,30.2,66.5,0.0,0.0,9.3,0.0,
174,27.0,4.0,0.0,7.0,0.0,1.0,0.0,1.0,5.1,0.0,0.0,4.1,6.0,0.0,8.1,4.2,25.2,0.0,0.0,9.1,26.7,2.4250000000000003,13.2,2.5,8.5,0.0,0.0,0.0,0.0,
175,1.0,2.0,7.0,5.0,0.0,55.7,0.0,10.5,5.4,0.7,0.0,15.2,6.3,30.4,10.555555555555555,4.1,3.1,0.0,0.0,8.1,8.5,86.6,18.5,0.0,0.0,11.955555555555556,6.5,0.0,0.0,
176,0.0,5.0,20.0,6.0,35.3,5.3,0.0,0.0,6.3,8.0,0.0,8.3,2.7,2.4,0.0,8.9,9.1,13.033333333333335,6.944444444444445,0.0,3.2,0.0,55.5,4.2,10.2,0.0,80.5,14.3,0.0,
177,1.0,0.0,5.0,2.0,2.4,2.0,0.0,8.2,4.5,6.5,0.0,3.0,30.8,7.4,0.0,7.4,71.2,36.1,7.5,18.1,22.1,7.3,18.8,8.4,31.5,0.0,0.0,1.075,16.3,
178,40.0,0.0,12.0,30.0,4.3,0.0,0.0,0.0,0.0,4.5,0.0,1.7,13.511111111111111,0.2,0.0,32.4,5.4,144.1,0.0,0.5,2.2,8.2,22.7,0.0,0.0,21.6,18.5,11.399999999999999,5.5,
179,13.0,0.0,5.0,11.0,2.5,15.3,0.0,30.5,0.0,9.1,6.644444444444444,5.3,42.0,2.3,2.9,0.0,6.2,3.5,3.2,0.0,24.1,11.1,19.022222222222222,0.0,0.0,10.7,16.333333333333336,36.5,0.5,
180,5.0,0.0,2.0,0.0,0.0,0.0,0.0,1.0,0.0,0.0,39.2,11.0,6.4,7.3,0.0,3.1,42.3,24.5,2.3,0.0,11.4,1.6,2.3,0.3,32.0,2.3,4.2,14.3,4.5,
181,0.0,0.0,2.0,0.0,1.0,0.0,0.0,0.0,1.0,5.2,35.4,2.4,0.0,7.1,0.0,50.2,3.5,16.1,2.1,0.5,3.3,1.6,0.0,0.0,38.3,16.2,13.875,0.2,0.5,
182,14.0,1.0,12.0,0.0,0.0,0.0,0.0,40.5,0.0,6.4,52.8,1.2,6.4,12.2,0.3,2.4,58.5,5.4,11.1,28.5,4.2,0.0,0.0,0.0,3.1,2.1,4.3,6.3,2.3,
183,1.0,3.0,40.0,0.0,0.0,0.0,0.0,0.0,4.2,4.2,28.0,1.6,0.0,4.2,4.3,22.2,0.0,2.4,36.3,0.3,6.3,0.0,6.1,0.0,0.0,2.3,4.5,40.5,0.4,
184,0.0,0.0,36.0,17.0,0.0,0.7,2.1,0.0,0.0,7.4,20.1,0.0,24.0,75.0,8.2,0.0,4.5,4.2,2.4,1.5,0.0,0.0,1.2,35.3,38.3,0.0,9.283333333333333,85.5,0.0,
185,8.0,0.0,6.0,0.0,0.0,0.0,32.0,0.0,0.0,9.2,12.0,0.0,0.0,4.2,8.1,0.0,5.9,0.0,0.5,0.2,0.0,86.5,0.5,28.5,11.1,6.5,24.2,2.3,0.0,
186,3.0,0.0,0.0,12.0,0.0,0.0,50.4,0.0,0.0,71.0,0.0,0.0,9.411111111111111,13.0,20.8,42.2,0.0,1.1,2.3,0.0,0.0,40.2,42.2,0.0,10.3,40.5,0.2,22.5,0.0,
187,20.0,0.0,0.0,0.0,54.0,60.5,16.2,0.0,0.0,2.2,10.3,0.0,4.0,8.5,6.1,0.0,0.0,52.3,0.0,0.0,0.0,12.4,20.2,38.5,30.3,30.3,20.5,3.2,0.0,
188,17.5,0.0,0.0,30.0,20.5,30.2,40.5,0.0,40.8,5.1,0.0,3.3777777777777778,0.0,0.3,0.0,0.0,0.0,38.1,0.0,0.0,0.3,12.0,22.1,0.2,10.3,6.1,0.3,14.2,0.0,
189,16.0,0.0,0.0,10.0,13.0,15.0,2.1,0.0,30.5,4.2,0.0,8.0,2.3,20.4,8.2,10.1,10.9,5.4,4.1,34.6,0.2,0.0,0.4,12.1,3.433333333333333,0.0,4.3,6.4,6.3,
190,0.0,0.0,16.0,6.0,11.6,21.5,4.4,0.0,4.1,40.2,21.5,0.0,0.0,0.1,0.0,2.1,9.511111111111111,5.155555555555555,0.0,60.6,32.7,0.0,4.4,8.1,12.3,65.5,4.1,0.2,100.5,
191,0.0,2.0,7.0,55.0,20.0,40.4,1.3,0.0,5.3,108.0,18.3,0.4,22.0,5.4,34.3,2.2,21.2,14.1,0.0,18.6,0.0,0.0,20.5,38.8,2.3,0.0,5.442857142857142,2.2,10.3,
192,0.0,14.0,0.0,0.0,32.0,85.8,6.0,0.0,2.1,28.2,8.0,1.3,8.0,10.2,0.0,9.2,2.4,2.3,10.1,9.2,4.6,1.1,73.8,0.0,12.3,8.5,9.625,0.0,0.0,
193,28.0,0.0,0.0,2.0,30.0,0.0,8.3,0.0,16.5,0.0,4.5,4.0,24.0,14.2,42.2,0.0,6.1,7.3,6.7,12.2,12.2,0.0,28.1,6.1,11.0,11.2,2.5,40.5,0.0,
194,0.0,4.0,0.0,0.0,41.0,0.0,6.5,20.1,3.0,0.0,0.0,40.8,1.9,0.0,40.2,20.6,0.0,0.0,0.0,38.1,28.1,0.0,1.5222222222222221,0.0,8.357142857142858,22.2,10.3,2.2,7.877777777777778,
195,0.0,6.0,0.0,0.0,0.0,8.2,40.4,12.5,0.0,0.0,10.0,3.1,0.0,3.5,0.0,10.3,0.0,67.8,0.0,0.0,30.2,1.6,0.0,22.1,6.3,45.3,19.3,14.4,4.5,
196,14.0,0.0,0.0,0.0,20.4,2.0,22.6,24.5,8.3,0.6,36.2,0.0,28.2,0.0,28.3,8.4,75.9,16.1,0.0,1.2,11.3,0.4,2.1,5.5,4.8,14.5,2.1857142857142855,1.2,0.5,
197,26.0,0.0,11.0,2.0,4.3,16.4,0.0,13.4,82.7,0.0,83.4,6.5,2.0,0.0,0.0,28.5,0.0,16.1,0.0,1.2,4.6,1.6,8.6,0.0,14.6,46.3,14.2,19.3,13.377777777777776,
198,75.0,3.0,0.0,0.0,50.6,6.5,0.0,5.3,8.1,2.0,11.2,28.6,42.0,14.4,69.2,8.3,24.2,20.6,33.5,12.1,16.3,2.6,2.1,10.1,14.3,0.0,0.2,15.2,21.0,
199,0.0,87.0,4.0,2.0,6.2,40.3,0.0,30.5,0.0,0.8,0.0,1.3,6.7,0.575,0.0,0.0,30.5,4.5,20.9,25.6,10.9,1.3,15.755555555555556,0.0,0.0,0.0,4.9875,34.3,0.0,
200,8.0,18.0,20.0,3.0,8.5,4.3,0.0,2.0,0.0,6.3,0.0,8.2,2.6875,5.0,32.3,0.0,75.3,25.6,11.5,3.1,4.3,50.6,0.0,2.1,0.0,0.0,0.0,12.3,9.911111111111111,
201,10.8,22.0,6.0,11.0,4.0,0.0,0.0,3.1,0.0,3.1,0.0,20.0,0.0,25.0,24.5,8.1,0.0,14.1,19.4,24.1,25.1,0.3,22.1,0.0,0.0,2.3,8.928571428571429,30.5,40.5,
202,22.0,3.0,3.0,40.0,15.2,55.4,0.0,20.5,0.0,4.0,10.3,1.4,0.0,18.4,58.9,0.0,0.0,44.4,3.1,9.174999999999999,10.3,0.1,24.3,0.0,26.8,0.0,5.3,4.3,0.0,
203,8.2,19.0,30.0,0.0,15.3,6.4,0.0,10.7,8.5,9.4,18.0,9.7,28.0,4.4,22.7,38.3,15.1,1.2,0.0,11.4,4.6,15.1,0.0,0.0,0.0,14.5,7.2,8.3,0.5,
204,0.0,4.0,0.0,4.0,0.0,24.4,0.0,8.3,6.3,16.0,5.1,11.0,66.0,65.2,15.4,7.9,0.0,0.0,50.3,21.5,40.5,31.0,4.1,0.0,10.3,2.2,18.5,4.3,0.0,
205,1.0,16.0,0.0,15.0,14.0,6.3,3.0,10.2,8.5,19.3,22.8,6.1,0.0,7.3,0.7,0.6,36.1,0.0,10.2,0.0,30.3,0.0,4.3,2.1,0.0,4.2,22.3,0.0,8.5,
206,0.0,29.0,11.0,10.0,11.2,3.5,5.2,8.5,0.0,1.2,0.0,50.2,0.0,8.7,0.0,0.0,12.1,0.0,3.7,0.0,14.1,0.0,0.0,0.0,11.1,25.3,0.4,0.5,4.4,
207,8.0,0.0,40.0,50.0,40.0,20.4,24.0,15.3,0.0,21.6,14.5,3.6,52.3,10.6,0.0,14.2,15.2,0.0,6.1,0.5,6.1,0.0,40.4,2.1,0.0,12.1,6.2,0.0,0.0,
208,18.0,7.0,11.0,40.0,10.0,18.0,6.0,80.5,27.1,28.1,0.0,21.5,8.5,18.1,0.8,28.5,19.1,0.0,9.6,4.5,2.1,60.2,0.0,24.1,0.0,22.2,3.3,0.5,0.0,
209,9.0,0.0,0.0,30.0,16.2,5.1,4.1,60.8,18.1,2.5,40.0,5.3,0.0,8.8,0.0,19.3,23.5,68.2,28.1,1.5,29.1,5.1,22.4,22.1,26.3,4.2,20.5,0.0,0.0,
210,9.3,0.0,3.0,6.0,3.0,6.4,0.0,0.0,9.2,12.0,3.1,8.0,0.0,8.3,10.7,19.2,16.5,4.3,34.2,14.8,9.6,3.733333333333333,0.0,4.5,10.3,0.0,9.2,80.3,75.5,
211,69.0,0.0,0.0,8.0,1.0,2.7,0.0,5.3,50.0,6.8,43.4,12.9,0.0,84.2,0.2,12.2,19.8,4.3,8.5,4.5,2.3,0.0,0.0,10.1,10.3,36.2,10.3,7.5,10.4,
212,13.0,16.0,1.0,0.0,4.0,80.6,0.0,8.1,8.2,15.4,18.0,0.0,22.3,72.6,28.2,4.6,4.5,25.2,34.6,48.3,0.0,0.0,6.544444444444444,20.1,18.2,18.3,25.2,34.3,0.0,
213,21.0,3.0,0.0,6.0,15.6,14.0,0.0,10.5,2.0,9.3,0.8,6.4,0.0,7.2,2.8,4.5,5.7,42.5,3.5,18.4,0.0,6.5,0.5,50.2,3.1,22.5,28.0,36.2,0.0,
214,28.4,22.0,30.0,0.0,16.3,6.3,0.0,15.3,0.0,23.5,14.1,26.4,10.475,4.5,48.3,0.0,6.2,20.8,0.0,44.4,0.0,0.0,16.7,6.1,0.4,5.5,10.2,10.3,0.0,
215,12.0,49.0,4.0,6.0,0.0,0.0,0.0,28.5,5.1,14.0,8.3,14.5,4.166666666666667,10.3,12.9,6.1,174.5,2.1,5.4,5.571428571428571,14.2,0.0,23.2,6.5,10.3,8.2,0.3,1.0,0.0,
216,5.0,8.0,3.0,0.0,40.0,16.4,3.0,2.1,0.0,6.5,10.5,5.0,12.6,7.1,0.0,23.4,0.0,5.5,7.3,3.6,28.3,14.58888888888889,2.1,7.2,60.3,8.3,6.3,40.2,0.0,
217,3.0,0.0,8.0,3.0,5.0,6.6,0.0,2.0,0.0,11.0,9.4,51.0,8.5,0.4,0.0,14.1,0.0,1.1,3.5,1.5,2.3,9.8,2.4,0.0,5.3,9.3,0.0,36.2,0.0,
218,22.5,0.0,5.0,0.0,1.0,20.0,0.0,0.0,0.0,10.1,20.5,60.5,50.0,0.0,0.4,42.2,22.5,34.1,66.5,0.0,0.0,9.6,4.1,28.5,11.1,62.5,9.2875,32.2,38.1,
219,0.0,4.0,20.0,0.0,5.0,20.5,8.5,0.0,0.0,22.0,0.0,4.6,9.766666666666667,9.5,0.6,2.1,8.5,2.3,4.1,0.0,6.2,0.0,0.0,34.2,4.3,8.5,34.5,8.3,0.0,
220,38.0,32.0,2.0,5.0,1.0,0.0,1.0,4.3,0.0,21.6,0.0,40.4,8.5,4.1,16.3,10.5,14.6,10.5,8.2,0.0,3.6,1.4,16.62222222222222,14.2,41.1,0.5,6.3428571428571425,0.0,0.0,
221,6.0,26.0,30.0,8.0,11.0,6.2,0.0,46.5,0.0,24.0,0.0,45.5,11.457142857142857,13.4,13.2,5.0,10.1,80.1,0.8,1.6,3.6,0.0,1.4,16.2,0.0,19.4,15.2,30.3,0.0,
222,7.5,4.0,1.0,0.0,12.0,10.1,0.0,1.0,0.0,13.4,10.3,8.0,0.0,65.5,13.2,32.0,0.0,34.5,9.1,67.7,3.3,0.0,26.2,40.2,0.0,0.0,0.0,4.2,0.0,
223,8.0,5.3,40.0,22.0,1.0,0.0,0.0,0.0,4.1,9.0,0.0,2.1,6.1,5.1,22.0,0.0,82.3,19.5,55.1,8.6,0.0,0.6,0.3,34.1,0.0,54.4,10.3,15.3125,0.0,
224,12.0,16.0,1.0,5.0,40.0,2.2,30.0,14.5,3.0,7.8,0.0,6.1,8.1,5.3,4.2,4.3,13.2,11.6,19.033333333333335,38.1,36.5,18.4,8.3,8.3,0.0,0.0,16.3,17.9625,0.0,
225,25.0,3.0,1.0,22.0,0.0,16.5,40.5,8.3,4.5,38.1,0.0,2.0,0.0,9.1,56.2,20.3,8.1,5.6,43.8,12.25,10.1,25.2,6.3,9.2,22.3,0.0,85.3,11.2,0.3,
226,3.0,24.0,2.0,15.0,0.0,2.1,8.5,10.3,3.2,40.4,0.0,21.6,0.0,0.0,6.1,10.3,8.2,20.5,0.0,5.7,17.5,10.2,16.2,18.2,40.3,0.0,34.5,28.2,0.0,
227,27.0,15.0,6.0,13.0,2.0,0.0,40.3,1.0,5.3,6.1,6.0,3.4,0.0,5.1,0.0,14.2,0.0,4.5,0.0,0.0,0.0,0.0,13.2,2.1,60.3,12.3,46.5,35.3,0.0,
228,3.0,4.0,3.0,34.0,22.2,30.7,0.0,0.0,4.1,43.5,45.4,5.2,7.2333333333333325,68.4,0.0,2.4,0.0,4.2,0.0,3.4,0.0,6.2,24.2,41.1,10.2,0.0,12.2,20.2,27.28888888888889,
229,0.0,3.0,41.0,0.0,0.0,10.4,0.0,15.8,2.0,19.6,40.4,13.1,42.0,0.0,0.0,10.7,0.0,60.2,11.8,7.4,0.0,0.2,0.0,44.3,40.3,0.0,0.0,18.3,0.0,
230,0.0,7.0,20.0,3.0,7.5,0.0,20.5,0.0,1.0,10.0,45.1,0.0,0.0,0.0,42.7,24.9,0.0,4.7,0.5,0.3,4.277777777777778,4.2,2.8,63.3,20.2,0.0,0.0,18.1,0.0,
231,1.5125000000000002,0.0,15.0,10.0,30.0,12.5,10.5,30.5,1.2,8.3,5.3,10.0,0.0,30.2,0.0,0.0,10.3,4.2,15.1,11.2,10.3,7.177777777777777,61.2,0.0,12.5,10.4,3.2,0.0,0.0,
232,12.0,6.0,5.0,0.0,85.0,2.6,1.0,40.5,40.5,38.0,12.5,8.3,8.1,4.2,14.1,0.0,5.1,2.5,7.1,56.3,48.3,0.0,74.2,40.3,28.2,11.4,63.2,0.0,0.0,
233,15.0,7.0,10.0,21.0,8.0,16.8,0.0,5.1,5.3,0.0,7.0,0.0,0.0,66.0,0.0,6.4,6.2,0.0,14.3,1.6,23.1,1.2,52.4,21.0,0.0,4.3,0.0,12.3,0.0,
234,8.0,11.0,13.0,15.0,0.0,2.4,0.0,0.0,30.5,0.0,3.0,5.2,0.3888888888888889,68.2,0.0,10.3,8.2,1.5,8.422222222222224,10.8,1.6,2.6,0.0,63.3,0.0,0.0,2.5,10.2,0.0,
235,10.0,19.0,12.0,8.0,11.3,6.6,0.0,4.1,0.0,0.0,10.0,10.1,32.0,40.3,12.7,0.0,3.3,4.2,7.6,1.6,0.0,7.8,32.3,6.1,40.3,10.5,0.0,10.1,0.0,
236,0.0,54.0,30.0,40.0,4.0,4.3,0.0,0.0,5.1,2.1,14.1,0.0,40.3,12.5,2.1,0.0,0.0,6.4,4.6,6.1,4.6,50.7,6.4,5.3,25.3,10.3,14.725,28.5,0.0,
237,15.0,19.0,20.0,0.0,13.2,2.5,0.0,0.0,30.8,0.0,11.0,3.0,48.5,40.5,11.3,0.0,5.3,11.6,0.0,0.0,6.7,8.6,16.4,8.5,0.0,8.8,11.1,0.0,0.0,
238,0.0,50.0,15.0,0.0,5.0,0.0,0.0,40.8,0.0,0.0,15.8,7.5,13.833333333333336,138.5,9.1,0.0,0.0,6.6,39.5,2.6,0.0,4.9,4.2,38.3,1.3,64.5,33.3,0.3,19.3,
239,6.0,32.0,1.0,0.0,0.0,0.0,0.0,14.5,32.5,0.0,18.0,22.8,0.0,41.7,2.2,22.5,0.0,34.8,24.8,3.6,0.0,5.1,1.6,0.0,0.0,0.0,4.2,0.0,25.5,
240,0.0,23.0,6.0,15.0,0.0,0.0,0.0,6.1,50.6,5.1,22.7,13.6,0.0,8.4,86.1,22.5,6.1,13.7,0.0,30.1,0.0,0.6,2.1,0.0,10.2,0.0,15.2,0.0,0.0,
241,0.0,6.0,1.0,12.0,8.0,2.5,30.8,0.0,60.5,0.0,8.6,10.1,10.37142857142857,2.0,40.4,0.5,2.1,0.0,0.0,14.4,1.6,5.1,0.0,0.0,0.0,0.0,25.3,8.3,0.0,
242,0.0,11.0,6.0,6.0,20.0,6.3,21.7,0.0,0.0,3.0,0.0,8.3,10.5,23.0,10.8,0.0,0.0,0.0,0.0,5.1,0.4,5.1,1.3,0.0,0.0,36.5,32.4,1.3,0.0,
243,0.0,0.0,0.0,5.0,1.0,0.0,0.0,0.0,10.5,7.4,2.3,0.0,120.4,2.1,0.0,0.0,0.0,1.1,0.0,66.6,6.8,50.1,6.3,0.0,0.0,16.2,0.4,3.4222222222222225,0.0,
244,0.0,0.0,30.0,29.0,2.0,0.0,0.0,0.0,50.8,0.0,5.5,0.0,12.1,3.4,0.0,39.3,1.6,12.4,0.0,14.6,5.6,15.8,6.4,0.0,0.0,0.0,14.3,8.4,6.785714285714286,
245,0.0,0.0,0.0,50.0,0.0,2.5,0.0,0.0,12.5,6.2,20.1,12.3,8.8,0.0,0.0,14.244444444444444,0.0,42.5,11.5,2.1,5.5,15.1,6.2,0.0,0.0,0.0,0.0,10.2,4.466666666666667,
246,0.0,0.0,5.0,40.0,3.0,0.0,10.5,0.0,3.1,0.0,4.7375,0.0,14.1,3.4,0.8,4.1,1.6,0.0,3.2,0.0,0.0,0.5,5.4,0.0,64.3,8.4,0.0,0.0,13.2125,
247,0.0,12.0,23.0,5.0,2.3,0.0,0.0,0.0,0.0,0.0,20.5,103.2,44.0,3.4,9.6,18.1,0.0,0.0,12.3,3.6,6.2,27.2,6.5,0.0,4.4,0.0,0.0,0.0,4.812499999999999,
248,0.0,0.0,0.0,3.0,0.0,0.0,20.5,0.0,0.0,7.1,10.2,0.0,46.0,2.1,40.2,0.0,0.0,0.0,0.4,0.0,20.1,63.2,2.5,0.0,5.4,4.5,24.5,0.5,28.650000000000002,
249,0.0,4.0,1.0,20.0,84.0,0.0,10.3,0.0,0.0,48.2,0.0,0.0,14.1,0.0,140.6,4.3,0.0,0.0,4.5,20.1,4.911111111111111,54.5,2.3,0.0,50.4,0.6444444444444444,44.4,0.3,54.5625,
250,0.0,0.0,4.0,30.0,5.0,0.0,0.0,0.0,0.0,10.5,20.6,2.0,2.3,1.1125,50.5,3.3,42.4,18.5,8.1,0.0,0.0,38.8,9.633333333333333,0.0,20.4,2.4,3.3,0.4,17.075,
251,7.0,2.022222222222222,0.0,6.0,0.0,0.0,6.5,20.5,0.0,14.0,11.0,3.1,58.0,0.2,0.0,0.0,0.0,0.0,3.6125,2.1,0.0,5.2,0.0,0.0,0.0,0.0,0.0,0.022222222222222223,20.071428571428573,
252,0.0,0.0,5.0,30.0,0.0,4.0,40.4,50.8,0.0,0.0,2.1,0.0,2.3,0.0,0.0,10.3,3.9375,0.0,1.5,1.6,0.0,8.9,6.5,0.0,0.0,0.0,0.0,0.0,15.037500000000001,
253,0.0,0.0,60.0,0.0,0.0,10.0,22.6,10.5,0.0,0.4,4.0,45.8,8.8,0.0,1.2,0.5,23.6,0.0,20.5,24.2,0.0,11.2,6.5,0.0,0.0,5.2,0.0,0.6222222222222222,25.5625,
254,0.0,0.0,41.0,0.0,0.0,6.0,6.7,0.0,6.1,0.7,3.1,6.0,2.0,0.0,0.0,8.4,17.3,3.1,0.0,5.1,0.0,33.6,1.2,18.514285714285712,7.088888888888889,8.2,6.4,0.5,6.7,
255,0.0,0.0,0.0,40.0,30.0,80.5,0.0,0.0,0.0,8.5,5.3,0.0,48.0,0.0,0.2,0.2,18.4,2.2,8.5,0.0,3.6,17.2,4.6,8.6,2.6,0.0,0.0,0.3,29.275,
256,0.0,30.0,0.0,0.0,10.2,100.8,0.0,0.0,0.0,12.0,11.2,0.0,55.6,0.0,0.2,0.0,0.0,8.9,2.1,0.0,18.6,0.5,1.8,2.4,0.0,0.0,0.0,6.1,0.9333333333333332,
257,0.0,1.0,0.0,0.0,14.0,17.5,0.0,0.0,0.0,34.3,40.7,10.5,6.6875,9.5,0.0,2.5,0.0,2.3,11.1,0.0,35.2,0.9,0.0,0.0,0.0,0.0,0.0,0.0,0.37142857142857144,
258,0.0,0.0,2.0,0.0,22.3,0.0,5.2,0.0,30.2,0.0,6.4,60.4,12.8,0.0,0.0,4.6,0.0,20.3,35.5,0.0,0.0,0.0,8.7,12.3,10.5,0.0,0.0,1.3,0.0,
259,0.0,0.0,5.0,0.0,8.0,0.0,0.0,0.0,0.0,0.0,3.2,10.1,1.5125000000000002,0.0,10.3,9.5,0.0,0.6,2.3,0.0,0.0,2.5125,14.5,18.2,40.5,0.0,0.0,4.1,0.0,
260,1.5,0.0,0.0,0.0,20.0,0.0,0.0,40.8,3.1,0.0,5.0,28.0,0.0,0.0,0.0,0.7,0.0,0.0,5.2,7.728571428571429,0.0,5.888888888888889,3.3,2.2,20.5,0.0,0.0,0.0,0.0,
261,22.0,0.0,33.0,0.0,10.2,0.0,0.0,0.0,0.0,0.0,0.0,0.0,2.0,0.6,0.0,0.0,2.6,0.0,7.3999999999999995,0.0,0.0,2.7875,30.1,0.35,40.3,0.2,0.0,0.0,0.0,
262,0.0,0.0,1.0,32.0,0.0,1.8,0.0,40.5,0.0,2.5,0.0,8.183333333333334,0.8714285714285713,11.2,0.3,0.0,0.0,2.5,20.5,7.2,0.0,5.2,12.1,7.3,0.0,14.566666666666666,10.4,0.0,0.0,
263,0.0,0.0,1.0,5.0,50.0,0.0,18.0,20.8,10.8,32.1,0.0,0.0,1.3777777777777778,1.3,0.23333333333333334,0.0,0.0,0.0,0.0,36.5,0.0,0.0,0.0,2.725,0.0,0.0,0.0,3.2,0.0,
264,0.0,0.0,6.0,0.0,5.0,0.0,0.0,0.0,0.0,4.6,0.0,3.5,15.133333333333333,0.0,0.0,0.0,4.2,16.6,2.3,3.6,0.0,0.0,0.0,0.0,52.3,18.5,0.0,72.5,6.2,
265,0.0,0.0,15.0,0.0,0.0,0.0,0.0,6.5,0.0,0.0,0.0,0.0,16.91111111111111,0.0,0.0,0.0,10.1,0.0,18.1,8.2,0.0,2.6,2.3,4.1,3.2,0.5666666666666667,3.5,112.5,5.262499999999999,
266,0.0,27.0,43.0,0.0,20.3,0.0,5.3,10.3,0.0,3.1,0.0,0.0,17.75,0.0,0.0,0.8,0.0,0.0,25.5,0.0,0.0,3.2,0.3,56.5,4.5,6.2555555555555555,0.0,0.0,4.183333333333334,
267,0.0,0.0,33.0,0.0,40.0,0.0,0.0,22.5,0.0,0.0,0.0,0.0,4.3,0.0,0.0,0.0,0.0,32.0,8.3,0.0,0.0,5.1,9.3,8.5,200.5,0.0,0.0,6.3,2.225,
268,2.0,0.0,0.0,0.0,2.0,2.3,0.0,0.0,0.0,21.9,0.0,0.0,0.0,0.0,0.3,0.0,0.0,15.6,2.1,0.0,0.0,0.5,62.6,0.0,30.5,0.0,1.3,0.0,4.357142857142857,
269,15.0,0.0,0.0,0.0,0.0,0.0,0.0,0.0,0.0,0.0,0.0,0.0,5.075,0.0,0.0,0.0,0.0,4.1,0.0,2.1,0.0,0.0,10.6,0.0,0.2,0.5,22.2,0.0,0.575,
270,0.0,0.0,0.0,0.0,0.0,0.0,0.0,0.0,24.3,0.0,0.0,0.0,11.744444444444444,0.0,10.1,0.0,0.0,0.0,0.0,0.0,0.0,0.0,0.0,0.0,8.3,0.0,35.3,0.0,0.0,
271,22.0,0.0,0.0,0.0,0.0,0.0,0.0,0.0,1.9,0.0,0.0,0.0,4.3,0.0,8.2,0.0,0.0,0.0,0.0,3.1,0.0,0.0,0.0,0.0,0.0,0.0,36.5,0.0,0.275,
272,12.5,0.0,6.0,0.0,0.0,60.1,0.0,0.0,4.3,10.2,0.0,0.0,0.0,0.0,12.0,4.1,2.1,0.0,0.0,2.5,0.0,0.0,0.0,0.0,0.0,0.0,56.4,0.0,1.1125,
273,0.0,0.0,0.0,0.0,1.0,26.8,0.0,0.0,0.0,0.0,0.0,0.0,0.0,0.0,20.1,0.0,2.725,42.2,0.0,0.0,0.0,0.0,0.0,0.0,0.0,0.0,3.5,0.0,4.285714285714286,
274,0.0,0.0,0.0,0.0,0.0,0.0,0.0,0.0,0.0,22.7,0.0,12.0,0.8666666666666667,0.0,0.0,0.2,0.0,0.0,12.1,0.0,0.0,0.0,0.0,2.3,0.0,0.0,0.0,0.0,2.1,
275,0.0,0.0,1.0,0.0,0.0,0.0,0.0,0.0,0.0,0.0,0.0,0.0,0.0,0.0,0.0,0.0,17.1,18.5,28.5,0.0,2.066666666666667,0.0,0.0,0.0,0.0,0.0,0.0,0.0,55.5,
276,0.0,0.0,2.0,0.0,0.0,0.0,7.2,0.0,0.0,0.0,0.0,0.0,0.4375,0.0,0.0,0.5,2.1,2.6,17.175,0.0,0.25,0.0,0.0,0.0,0.0,0.0,0.0,0.0,120.5,
277,0.0,0.0,0.0,0.0,0.0,2.1,0.0,0.0,0.0,0.0,0.0,0.0,0.0,0.0,0.0,0.0,1.2,0.0,26.9,0.0,0.0,0.0,0.0,22.2,0.0,0.0,0.0,0.0,80.5,
278,0.0,0.0,0.0,0.0,0.0,0.0,0.0,0.0,0.0,0.0,0.0,0.0,0.0,0.0,0.0,11.2,1.5888888888888888,0.0,0.0,0.0,0.0,0.0,0.0,2.175,0.0,0.0,0.0,0.0,0.0,
279,0.0,0.0,0.0,0.0,40.0,0.0,0.0,0.0,0.0,0.0,0.0,0.0,7.133333333333334,0.0,0.0,40.2,0.9428571428571428,0.0,56.5,0.0,0.0,0.0,0.0,8.1,0.0,0.0,0.3,0.0,0.0,
280,0.0,8.0,0.0,0.0,5.0,1.2,0.0,10.2,1.4,0.0,0.0,0.0,0.12222222222222223,0.0,0.0,2.2,0.39999999999999997,0.0,0.0,0.0,0.0,17.1,0.0,0.0,0.0,0.0,0.0,2.3,0.0,
281,0.0,5.0,6.0,0.0,10.2,0.0,10.5,0.0,5.3,0.0,0.0,0.0,0.0,0.0,0.0,0.0,1.7666666666666666,0.0,0.0,0.0,0.0,0.0,0.0,0.0,0.0,0.0,0.0,0.0,0.0,
282,0.0,0.0,0.0,0.0,30.8,0.0,0.0,0.0,0.0,0.0,0.0,0.0,0.0,0.0,0.0,0.0,0.0,0.0,0.0,0.0,0.0,0.0,0.0,0.0,2.2,0.0,0.5,0.0,0.0,
283,0.0,0.0,11.0,0.0,4.2,0.0,0.0,0.0,2.1,0.0,0.0,0.0,0.0,0.0,0.0,0.0,2.1,0.0,0.0,0.0,0.0,0.0,0.0,0.0,10.2,0.0,0.0,0.0,0.0,
284,0.0,7.0,22.0,0.0,0.0,10.4,0.0,0.0,5.1,0.0,0.4,0.0,0.0,0.0,0.0,0.0,2.5125,0.0,0.0,0.0,0.0,0.0,0.0,0.0,0.0,0.0,0.0,5.3,0.0,
285,0.0,0.0,0.0,0.0,1.0,6.5,0.0,0.0,10.5,0.0,0.0,0.0,0.0,0.0,0.0,0.0,3.2,0.0,0.0,0.0,0.0,0.0,0.0,0.0,0.0,0.0,0.0,0.0,0.0,
286,0.0,0.0,0.0,0.0,60.0,0.0,0.0,0.0,0.0,0.0,0.0,15.3,0.0,0.0,0.0,0.0,0.0,0.0,0.0,0.0,0.0,0.0,0.0,22.2,0.0,0.0,0.0,0.0,0.0,
287,0.0,0.0,0.0,0.0,84.0,8.3,0.0,0.0,0.0,15.0,0.0,4.1,0.0,0.0,0.0,0.0,0.0,0.0,0.0,0.0,0.0,0.0,0.0,8.4,0.0,3.2,0.0,0.0,0.0,
288,0.0,0.0,0.0,0.08888888888888889,40.3,0.0,0.0,0.0,0.0,0.0,0.0,0.0,0.0,0.0,0.0,0.0,0.0,0.0,0.0,0.0,0.0,0.0,0.0,0.4,0.0,0.0,1.8,0.0,0.0,
289,0.0,0.0,0.0,0.0,4.0,30.8,0.0,0.0,0.0,0.0,0.0,0.0,0.0,0.0,0.0,8.3,0.0,0.0,0.0,0.0,0.0,0.0,0.0,0.0,0.0,0.0,3.9714285714285715,0.0,0.0,
290,0.0,0.0,0.0,5.0,0.0,4.2,0.0,0.0,0.0,0.0,0.0,0.0,0.0,0.0,0.0,0.0,0.0,3.3,0.0,0.0,0.0,0.0,0.0,0.0,0.0,0.3,6.4,0.0,0.0,
291,0.0,0.0,0.0,0.0,0.0,0.0,0.0,0.0,0.0,0.0,0.0,0.0,0.0,0.0,0.0,0.0,0.0,7.2,0.0,0.0,0.0,0.0,0.0,0.0,0.0,4.5,1.4,0.0,0.0,
292,0.0,0.0,0.0,0.0,0.0,0.0,3.2,0.0,0.0,0.0,0.0,0.0,0.0,0.0,0.0,0.0,0.0,13.2,0.0,0.0,0.0,0.0,0.0,0.0,0.0,5.4,0.0,0.0,0.0,
293,0.0,0.0,0.0,0.0,0.0,0.0,5.3,0.0,0.0,0.0,0.0,0.0,0.0,0.0,0.0,0.0,0.0,1.6,0.0,0.0,0.0,0.0,0.0,0.0,0.1,0.0,0.0,0.0,0.0,
294,0.0,0.0,0.0,0.0,0.0,0.0,0.0,0.0,0.0,0.0,0.0,0.0,0.0,0.0,0.0,0.0,4.3,0.0,0.0,0.0,0.0,0.0,0.0,0.0,0.0,0.0,0.0,0.0,0.0,
295,0.0,5.5,1.0,0.0,0.0,0.0,0.0,0.0,0.0,0.0,0.0,0.0,0.0,0.0,0.0,0.0,1.3444444444444443,0.0,0.0,0.0,0.0,0.0,0.0,0.0,0.0,0.0,0.0,0.0,0.0,
296,0.0,0.0,5.0,0.0,0.0,0.0,0.0,0.0,0.0,0.0,0.0,0.0,0.0,0.0,0.0,0.0,0.0,0.0,0.0,0.0,0.0,0.0,0.0,0.0,0.0,15.5,0.0,0.0,0.0,
297,0.0,0.0,0.0,0.0,0.0,0.0,0.0,0.0,0.0,0.0,0.0,0.0,0.0,0.0,0.0,0.0,0.0,0.0,0.0,0.0,0.0,0.0,0.0,0.0,0.0,0.0,0.0,0.0,0.0,
298,0.0,6.0,0.0,0.0,0.0,0.0,0.0,0.0,0.0,0.0,0.0,0.0,0.0,0.0,0.0,0.0,2.3,0.0,0.0,0.0,0.0,0.0,0.0,0.0,0.0,0.0,0.0,0.0,0.0,
299,0.0,7.5,0.0,0.0,0.0,0.0,12.7,0.0,0.0,0.0,0.0,0.0,0.0,3.2,0.0,0.0,0.0,0.0,0.0,0.0,0.0,0.0,0.0,0.0,0.0,0.0,0.0,0.0,0.0,
300,0.0,3.0,0.0,0.0,0.0,0.0,0.0,0.0,0.0,0.0,0.0,0.0,0.0,0.0,0.0,0.0,0.0,0.0,0.0,0.0,0.0,0.0,0.0,0.0,0.0,0.0,0.0,0.0,0.0,
301,0.0,0.0,0.0,0.0,0.0,0.0,0.0,0.0,0.0,0.0,0.0,0.0,0.0,0.0,0.0,0.0375,0.0,0.0,0.0,0.0,0.0,0.0,0.0,0.0,0.0,0.0,0.0,0.0,0.0,
302,0.0,0.0,0.0,0.0,0.0,0.0,0.0,0.0,0.0,0.0,0.0,0.0,0.0,0.0,0.0,0.0,0.44999999999999996,0.0,0.0,0.0,0.0,0.0,0.0,0.0,0.0,0.0,0.0,0.0,0.0,
303,0.0,0.0,0.0,0.0,0.0,0.0,0.0,0.0,0.0,0.0,0.0,0.0,0.0,0.0,0.0,0.0,14.3,0.0,0.0,0.0,0.0,0.0,0.0,0.0,0.0,0.0,0.0,0.0,0.0,
304,0.0,0.0,0.0,0.0,0.0,0.0,0.0,0.0,0.0,0.0,0.0,0.0,0.0,0.0,0.0,0.0,0.0,0.0,0.0,0.0,0.0,0.0,0.0,0.0,0.0,0.0,0.0,0.0,0.0,
305,0.0,0.0,0.0,0.0,0.0,0.0,0.0,0.0,0.0,0.0,0.0,0.0,0.0,0.0,0.0,0.0,0.0,0.0,0.0,0.0,0.0,0.0,0.0,0.0,0.0,0.0,0.0,0.0,0.0,
306,0.0,0.0,0.0,0.0,0.0,0.0,0.0,0.0,0.0,0.0,0.0,0.0,0.0,0.0,0.0,0.0,0.0,0.0,0.0,0.0,0.0,0.0,0.0,0.0,0.0,0.0,0.0,0.0,0.0,
307,43.0,0.0,0.0,0.0,0.0,0.0,0.0,0.0,0.0,0.0,0.0,0.0,0.0,0.0,0.0,0.0,0.0,0.0,0.0,0.0,0.0,0.0,0.0,0.0,0.0,29.4,0.0,0.0,0.0,
308,0.0,0.0,0.0,0.0,0.0,0.0,0.0,0.0,0.0,0.0,0.0,0.0,0.0,0.0,0.0,0.0,0.0,0.0,0.0,0.0,0.0,0.0,0.0,0.0,0.0,0.0,0.0,0.0,0.0,
309,0.0,0.0,0.0,0.0,0.0,0.0,0.0,0.0,0.0,0.0,0.0,0.0,0.0,0.0,0.0,0.0,0.0,0.0,0.0,0.0,0.0,0.0,0.0,0.0,0.0,0.0,0.0,0.0,0.0,
310,0.0,0.0,0.0,0.0,0.0,0.0,0.0,9.3,10.3,0.0,0.0,0.0,0.0,0.0,0.0,0.0,0.0,0.0,0.0,0.0,0.0,0.0,0.0,0.0,0.0,0.0,0.0,0.0,0.0,
311,0.0,0.0,0.0,0.0,0.0,0.0,0.0,0.0,6.8,0.0,0.0,0.0,0.0,0.0,0.0,0.0,0.0,0.0,0.0,0.0,3.5,0.0,0.0,0.0,0.0,0.0,0.0,0.0,0.0,
312,0.0,0.0,0.0,0.0,0.0,0.0,0.0,0.0,0.0,0.0,0.0,0.0,0.0,0.0,0.0,0.0,0.0,0.7111111111111111,0.0,0.0,0.0,0.0,0.0,0.0,0.0,0.0,0.0,0.0,0.0,
313,0.0,0.0,0.0,0.0,0.0,0.0,0.0,0.0,0.0,0.0,1.8,0.0,0.0,0.0,0.0,0.0,0.0,0.0,0.0,0.0,0.0,0.0,0.0,0.0,0.0,0.0,0.7375,0.0,0.0,
314,0.0,0.0,0.0,0.0,0.0,3.8,0.0,0.0,0.0,0.0,3.0,0.0,0.0,0.0,0.0,0.0,16.1,0.0,0.0,0.0,0.0,0.0,0.0,0.0,0.0,0.0,0.0,0.0,0.0,
315,0.0,3.0,0.0,0.0,0.0,0.0,0.0,0.0,0.0,0.0,0.0,0.0,0.0,0.0,14.3,0.0,3.1,0.0,0.0,0.0,0.0,0.0,0.0,0.0,0.0,0.0,0.0,0.0,0.0,
316,0.0,0.0,0.0,0.0,0.0,0.0,0.0,0.0,0.0,0.0,6.5,0.0,0.0,0.0,0.0,0.0,0.0,0.0,0.0,0.0,0.0,0.0,0.0,0.0,0.0,0.0,0.0,0.0,0.0,
317,0.0,0.0,0.0,0.0,0.0,0.0,0.0,0.0,0.0,0.0,0.0,0.0,0.0,0.0,0.0,0.0,0.0,0.0,0.0,0.0,0.0,6.5,0.0,0.0,0.0,0.0,0.0,0.0,0.0,
318,0.0,0.0,0.0,0.0,0.0,0.0,0.0,0.0,0.0,0.0,0.0,2.3,0.0,0.0,0.0,0.0,0.0,0.0,0.0,0.0,0.0,0.0,0.0,0.0,0.0,0.0,0.0,0.0,40.5,
319,0.0,0.0,0.0,0.0,0.0,0.0,0.0,0.0,0.0,0.0,0.0,0.0,0.0,0.0,0.0,0.0,0.0,0.0,0.0,0.0,0.0,0.0,0.0,0.0,0.0,0.0,0.0,0.0,2.725,
320,0.0,0.0,0.0,0.0,0.0,0.0,0.0,0.0,0.0,0.0,0.0,0.0,0.0,0.0,0.0,0.0,0.0,0.0,0.0,0.0,0.0,0.0,0.0,0.0,0.0,0.0,0.0,0.0,0.0,
321,0.0,0.0,0.0,0.0,0.0,0.0,0.0,0.0,0.0,0.0,0.0,0.0,0.0,0.0,0.0,0.0,0.0,0.011111111111111112,0.0,0.0,0.0,0.0,1.3,0.0,0.0,0.0,0.0,0.0,0.0,
322,0.0,0.0,0.0,0.0,0.0,0.0,0.0,0.0,0.0,0.0,0.0,0.0,0.0,0.0,0.0,0.0,0.0,0.2222222222222222,0.0,0.0,0.0,0.0,2.8,0.0,0.0,0.0,0.0,0.0,0.0,
323,0.0,0.0,0.0,0.0,0.0,0.0,0.0,0.0,0.0,0.0,0.0,0.0,0.0,0.0,0.0,0.0,0.0,0.0,0.0,0.0,0.0,0.0,0.0,0.0,0.0,0.0,0.0,0.0,0.0,
324,0.0,0.0,0.0,0.0,0.0,0.0,0.0,0.0,0.0,0.0,0.0,0.0,0.0,0.0,0.0,0.0,6.7,0.0,0.0,0.0,0.0,0.0,0.0,0.0,0.0,0.0,0.0,0.0,0.0,
325,0.0,0.0,0.0,0.0,0.0,0.0,0.0,0.0,0.0,0.0,0.0,0.0,0.0,0.0,0.0,0.0,0.0,0.0,0.0,0.0,0.0,0.0,0.0,0.0,0.0,0.0,0.0,0.0,0.0,
326,0.0,0.0,0.0,0.0,0.0,0.0,0.0,0.0,0.0,2.0,0.0,0.0,0.0,0.0,0.0,0.0,0.0,0.0,0.0,0.0,0.0,0.0,0.0,0.0,0.0,0.0,0.0,0.0,0.0,
327,0.0,0.0,0.0,0.0,0.0,0.0,0.0,0.0,0.0,0.0,0.0,0.0,0.0,0.0,0.0,0.0,0.0,0.0,0.0,0.0,0.0,0.0,0.0,0.0,0.0,0.0,0.0,0.0,0.0,
328,0.0,0.0,0.0,0.0,0.0,0.0,0.0,0.0,0.0,0.0,0.0,4.7,0.0,0.0,0.0,0.0,0.0,0.0,0.0,0.0,0.0,0.0,0.0,0.0,0.0,5.4,0.0,0.0,0.0,
329,0.0,0.0,0.0,0.0,0.0,0.0,0.0,0.0,8.7,0.0,0.0,0.0,0.0,0.0,0.0,0.0,0.0,0.0,0.0,12.1,0.0,0.0,0.0,0.0,0.0,0.0,0.0,0.0,0.0,
330,0.0,0.0,0.0,0.0,0.0,0.0,0.0,0.0,3.5,0.0,0.0,0.0,0.0,0.0,0.0,0.0,38.1,0.0,0.0,0.0,0.0,0.0,0.0,0.0,0.0,0.0,0.0,0.0,0.0,
331,5.0,0.0,0.0,0.0,0.0,0.0,0.0,0.0,0.0,0.0,0.0,0.0,0.0,0.0,0.0,0.0,5.3,0.0,0.0,0.0,0.0,0.0,0.0,0.0,0.0,0.0,0.0,0.0,0.0,
332,3.0,0.0,0.0,0.0,0.0,0.0,0.0,0.0,0.0,0.0,0.0,0.0,0.0,0.0,0.0,0.0,0.0,0.0,0.0,0.0,0.0,0.0,0.0,2.1,0.0,0.0,0.0,0.0,0.0,
333,0.0,0.0,0.0,0.0,0.0,0.0,0.0,0.0,0.0,0.0,0.0,0.0,0.0,0.0,0.0,0.0,0.0,0.0,0.0,0.0,0.0,0.0,0.0,0.24285714285714285,0.0,0.0,0.0,0.0,0.0,
334,0.0,0.0,0.0,0.0,0.0,12.8,0.0,0.0,0.0,0.0,0.0,0.0,0.0,0.0,0.0,0.0,0.0,0.0,0.0,0.0,0.0,0.0,0.0,0.0,0.0,0.0,0.0,0.0,0.0,
335,0.0,0.0,0.0,0.0,0.0,0.0,0.0,0.0,0.0,0.0,0.0,0.0,0.0,0.0,0.0,0.0,26.5,0.0,0.0,0.0,0.0,0.0,0.0,0.0,0.0,0.2,0.0,0.0,0.0,
336,0.0,0.0,0.0,0.0,0.0,0.0,0.0,0.0,0.0,0.0,0.0,0.0,0.0,0.0,0.0,0.0,6.8,0.0,0.0,0.0,0.0,0.0,0.0,0.0,0.0,3.5,0.0,0.0,0.0,
337,0.0,0.0,0.0,0.0,0.0,0.0,0.0,0.0,0.0,0.0,0.0,0.0,0.0,0.0,0.0,0.0,0.0,0.0,0.0,0.0,0.0,0.0,0.0,0.0,0.0,0.0,0.0,0.0,0.0,
338,0.0,0.0,0.0,0.0,0.0,0.0,0.0,0.0,0.0,0.0,0.0,0.0,0.0,0.0,0.0,0.0,0.0,0.0,0.0,0.0,0.0,0.0,0.0,0.0,0.0,0.0,0.0,0.0,0.0,
339,0.0,0.0,0.0,0.0,0.0,0.0,0.0,0.0,0.0,0.0,0.0,0.8,0.0,0.0,0.0,0.0,0.0,0.0,0.0,0.0,0.0,0.0,0.0,0.0,0.0,0.0,0.0,0.0,0.0,
340,13.0,0.0,0.0,0.0,0.0,0.0,0.0,0.0,0.0,0.0,0.0,0.0,0.0,0.0,0.0,0.0,0.0,0.0,0.0,0.0,0.0,0.0,0.0,0.0,0.0,0.0,0.0,2.3,0.0,
341,13.0,0.0,0.0,0.0,0.0,0.0,0.0,0.0,0.0,0.0,0.0,0.0,0.0,0.0,0.0,0.0,0.0,0.0,0.0,0.0,0.0,0.0,0.0,0.0,0.0,0.0,0.0,0.0,0.0,
342,0.0,0.0,0.0,0.0,0.0,0.0,0.0,0.0,0.0,0.0,0.0,0.0,0.0,0.0,0.0,0.0,0.0,0.0,12.4,0.0,0.0,0.0,0.0,0.0,0.0,0.0,0.0,0.0,0.0,
343,0.0,0.0,0.0,0.0,0.0,0.0,0.0,0.0,0.0,0.0,0.0,0.0,0.0,0.0,0.0,0.0,3.2,0.0,0.3,0.0,0.0,0.0,0.0,0.0,0.0,0.0,0.0,0.0,0.0,
344,0.0,0.0,0.0,0.0,0.0,0.0,0.0,0.0,0.0,0.0,0.0,0.0,0.0,0.0,0.4,0.0,78.7,0.0,0.0,0.0,0.0,0.0,0.0,0.0,0.0,0.0,1.25,0.0,0.0,
345,0.0,0.0,0.0,0.0,0.0,0.0,0.0,0.0,0.0,0.0,0.0,0.0,0.0,0.0,0.028571428571428574,0.0,0.0,0.0,0.0,0.0,0.0,0.0,0.0,0.0,0.0,0.0,1.3,0.0,0.0,
346,0.0,0.0,0.0,0.0,10.0,0.0,12.3,0.0,0.0,0.0,0.0,0.0,0.0,0.0,0.0,0.0,0.0,0.0,0.0,0.0,0.0,0.0,0.0,0.0,0.0,6.4,1.2,0.0,0.0,
347,0.0,0.0,0.0,0.0,0.0,10.5,8.2,0.0,0.0,0.0,0.0,0.0,0.0,0.0,0.0,0.0,0.0,0.0,0.0,0.0,0.0,0.0,0.0,0.0,0.0,34.4,0.08571428571428573,0.0,0.0,
348,0.0,0.0,0.0,10.0,0.0,61.6,0.0,0.0,0.0,0.0,0.0,0.0,0.0,0.0,0.0,0.0,10.2,0.0,0.0,0.0,0.0,0.0,0.0,0.0,0.0,0.0,0.0,0.0,0.0,
349,0.0,0.0,0.0,8.0,0.0,0.0,0.0,0.0,0.0,0.0,0.0,0.0,0.0,0.0,0.0,0.0,0.0,0.0,0.0,0.0,0.0,0.0,0.0,0.0,0.0,0.0,0.0,0.0,0.0,
350,0.0,0.0,0.0,0.0,0.0,0.0,0.0,0.0,0.0,0.0,0.0,0.0,0.0,0.0,0.0,0.0,0.0,0.0,0.0,0.0,0.3,0.0,0.0,0.0,0.0,0.0,0.0,0.0,0.5,
351,0.0,0.0,0.0,0.0,0.0,0.0,0.0,0.0,0.0,0.0,0.0,0.0,0.0,0.0,0.0,0.0,0.0,0.0,0.0,0.0,0.0,0.0,10.6,0.0,0.0,0.0,0.0,0.0,0.0,
352,0.0,0.0,0.0,0.0,0.0,0.0,0.0,0.0,0.0,0.0,0.0,0.0,0.0,1.2,0.0,0.0,0.0,0.0,0.0,0.0,0.0,0.0,0.0,0.0,0.0,0.0,0.0,0.0,0.0,
353,0.0,0.0,0.0,0.0,0.0,8.5,0.0,0.0,0.0,0.0,0.0,0.0,0.0,0.0,0.0,0.0,0.0,0.0,0.0,0.0,0.0,0.0,0.0,0.0,0.0,0.0,0.0,0.0,0.0,
354,0.0,0.0,0.0,0.0,0.0,0.0,0.0,0.0,0.0,0.0,0.0,0.0,0.0,0.0,0.0,0.0,0.0,0.0,0.0,0.0,0.0,0.0,0.0,0.0,0.0,0.0,0.0,0.0,0.0,
355,0.0,0.0,0.0,0.0,0.0,0.0,0.0,0.0,2.0,0.0,0.0,0.0,0.0,0.0,0.0,0.0,0.0,0.0,0.0,0.0,0.0,0.0,0.0,0.0,0.0,0.0,0.0,0.0,0.0,
356,0.0,0.0,0.0,0.0,0.0,0.0,0.0,0.0,4.1,0.0,1.0833333333333333,0.0,0.0,0.0,5.8,0.0,0.0,0.0,0.0,0.0,0.0,0.0,0.0,0.0,0.0,0.0,0.0,0.0,0.0,
357,0.0,1.0,0.0,0.0,0.0,0.0,0.0,0.0,3.1,0.0,5.1,0.0,0.0,0.0,0.0,0.0,0.0,0.0,0.0,0.0,0.0,0.0,0.0,0.0,0.3,0.0,0.0,0.0,0.0,
358,0.0,0.0,0.0,0.0,0.0,0.0,0.0,3.0,2.0,0.0,0.0,0.0,0.0,0.0,0.0,0.0,0.0,0.0,0.0,0.0,0.0,0.0,0.0,0.0,26.3,0.0,0.0,0.0,0.0,
359,0.0,0.0,13.0,0.0,0.0,0.0,0.0,5.0,8.5,0.0,39.5,0.0,0.0,0.0,0.0,0.0,0.0,0.0,0.0,0.0,0.0,0.0,0.0,0.0,0.0,0.0,0.0,0.0,0.0,
360,0.0,0.0,5.0,0.0,19.0,0.0,0.0,10.8,0.0,0.0,21.3,0.0,0.0,0.0,0.0,0.0,0.0,0.0,0.0,0.0,0.0,0.0,0.0,0.0,0.0,0.0,0.0,0.0,0.0,
361,0.0,0.0,0.0,0.0,50.0,0.0,0.0,24.6,0.0,0.0,0.0,0.0,0.0,0.0,0.0,0.0,0.0,0.0,0.0,0.0,0.0,0.0,0.0,0.0,0.0,0.0,0.0,0.0,0.0,
362,0.0,9.0,0.0,0.0,10.0,0.0,0.0,0.0,0.0,0.0,0.0,0.0,0.0,0.0,0.0,0.0,0.0,0.0,0.0,0.0,0.0,0.0,2.6,0.0,0.0,0.0,0.0,0.0,0.0,
363,0.0,13.0,0.0,0.0,0.0,0.0,0.0,0.0,0.0,0.0,0.0,0.0,0.0,0.0,0.0,0.0,0.0,0.0,0.0,0.0,0.0,0.0,0.0,0.0,0.0,0.0,0.0,0.0,0.0,
364,0.0,0.0,0.0,0.0,0.0,0.0,0.0,0.0,0.0,60.2,0.0,0.0,0.0,0.0,0.0,0.0,12.2,0.0,0.0,0.0,0.0,0.0,0.0,0.0,0.0,0.0,0.0,0.0,0.0,
365,0.0,0.0,0.0,0.0,0.0,0.0,0.0,0.0,0.0,18.3,0.0,0.0,0.0,0.0,0.0,0.0,17.3,0.0,0.0,0.0,0.0,0.0,0.0,0.0,0.0,0.0,0.0,0.0,0.0,
366,,,,0.0,,,,0.0,,,,0.0,,,,0.0,,,,1.2,,,,0.0,,,,0.0,,
367,,,,,,,,,,,,,,,,,,,,,,,,,,0.0,,,0.0,
368,,,,,,,,,,,,,,,,,,,,,,,,,,0.0,,,0.0,
369,,,,,,,,,,,,,,,,,,,,,,,,,,0.0,,,0.0,
370,,,,,,,,,,,,,,,,,,,,,,,,,,6.0,,,0.0,
371,,,,,,,,,,,,,,,,,,,,,,,,,,0.0,,,2.0,
372,,,,,,,,,,,,,,,,,,,,,,,,,,0.0,,,1.6,
373,,,,,,,,,,,,,,,,,,,,,,,,,,0.0,,,1.0,
374,,,,,,,,,,,,,,,,,,,,,,,,,,0.0,,,0.0,
375,,,,,,,,,,,,,,,,,,,,,,,,,,0.0,,,0.0,
376,,,,,,,,,,,,,,,,,,,,,,,,,,0.0,,,0.0,
377,,,,,,,,,,,,,,,,,,,,,,,,,,0.0,,,0.0,
378,,,,,,,,,,,,,,,,,,,,,,,,,,0.0,,,0.0,
379,,,,,,,,,,,,,,,,,,,,,,,,,,0.0,,,0.0,
380,,,,,,,,,,,,,,,,,,,,,,,,,,0.0,,,0.0,
381,,,,,,,,,,,,,,,,,,,,,,,,,,0.0,,,0.0,
382,,,,,,,,,,,,,,,,,,,,,,,,,,5.0,,,0.0,
383,,,,,,,,,,,,,,,,,,,,,,,,,,7.0,,,0.0,
384,,,,,,,,,,,,,,,,,,,,,,,,,,2.0,,,0.0,
385,,,,,,,,,,,,,,,,,,,,,,,,,,0.0,,,0.0,
386,,,,,,,,,,,,,,,,,,,,,,,,,,0.0,,,0.0,
387,,,,,,,,,,,,,,,,,,,,,,,,,,0.0,,,0.0,
388,,,,,,,,,,,,,,,,,,,,,,,,,,0.0,,,0.0,
389,,,,,,,,,,,,,,,,,,,,,,,,,,0.0,,,0.0,
390,,,,,,,,,,,,,,,,,,,,,,,,,,0.0,,,0.0,
391,,,,,,,,,,,,,,,,,,,,,,,,,,0.0,,,0.0,
392,,,,,,,,,,,,,,,,,,,,,,,,,,0.0,,,0.0,
393,,,,,,,,,,,,,,,,,,,,,,,,,,0.0,,,0.0,
394,,,,,,,,,,,,,,,,,,,,,,,,,,0.0,,,0.0,
395,,,,,,,,,,,,,,,,,,,,,,,,,,0.0,,,0.0,
396,,,,,,,,,,,,,,,,,,,,,,,,,,0.0,,,0.0,
397,,,,,,,,,,,,,,,,,,,,,,,,,,0.0,,,0.0,
398,,,,,,,,,,,,,,,,,,,,,,,,,,0.0,,,0.0,
399,,,,,,,,,,,,,,,,,,,,,,,,,,0.0,,,0.0,
400,,,,,,,,,,,,,,,,,,,,,,,,,,0.0,,,0.0,
401,,,,,,,,,,,,,,,,,,,,,,,,,,0.0,,,0.0,
402,,,,,,,,,,,,,,,,,,,,,,,,,,0.0,,,0.0,
403,,,,,,,,,,,,,,,,,,,,,,,,,,0.0,,,0.0,
404,,,,,,,,,,,,,,,,,,,,,,,,,,0.0,,,0.0,
405,,,,,,,,,,,,,,,,,,,,,,,,,,0.0,,,0.0,
406,,,,,,,,,,,,,,,,,,,,,,,,,,0.0,,,0.0,
407,,,,,,,,,,,,,,,,,,,,,,,,,,2.0,,,0.0,
408,,,,,,,,,,,,,,,,,,,,,,,,,,0.0,,,13.0,
409,,,,,,,,,,,,,,,,,,,,,,,,,,0.0,,,22.0,
410,,,,,,,,,,,,,,,,,,,,,,,,,,0.0,,,0.0,
411,,,,,,,,,,,,,,,,,,,,,,,,,,0.0,,,0.0,
412,,,,,,,,,,,,,,,,,,,,,,,,,,0.0,,,0.0,
413,,,,,,,,,,,,,,,,,,,,,,,,,,2.0,,,0.0,
414,,,,,,,,,,,,,,,,,,,,,,,,,,0.0,,,0.0,
415,,,,,,,,,,,,,,,,,,,,,,,,,,0.0,,,0.0,
416,,,,,,,,,,,,,,,,,,,,,,,,,,0.0,,,0.0,
417,,,,,,,,,,,,,,,,,,,,,,,,,,0.0,,,0.0,
418,,,,,,,,,,,,,,,,,,,,,,,,,,0.0,,,0.0,
419,,,,,,,,,,,,,,,,,,,,,,,,,,0.0,,,0.0,
420,,,,,,,,,,,,,,,,,,,,,,,,,,0.0,,,0.0,
421,,,,,,,,,,,,,,,,,,,,,,,,,,0.0,,,0.0,
422,,,,,,,,,,,,,,,,,,,,,,,,,,0.0,,,0.0,
423,,,,,,,,,,,,,,,,,,,,,,,,,,0.0,,,0.0,
424,,,,,,,,,,,,,,,,,,,,,,,,,,2.0,,,0.0,
425,,,,,,,,,,,,,,,,,,,,,,,,,,0.0,,,0.0,
426,,,,,,,,,,,,,,,,,,,,,,,,,,0.0,,,0.0,
427,,,,,,,,,,,,,,,,,,,,,,,,,,0.0,,,0.0,
428,,,,,,,,,,,,,,,,,,,,,,,,,,0.0,,,0.0,
429,,,,,,,,,,,,,,,,,,,,,,,,,,0.0,,,0.0,
430,,,,,,,,,,,,,,,,,,,,,,,,,,0.0,,,0.0,
431,,,,,,,,,,,,,,,,,,,,,,,,,,0.0,,,0.0,
432,,,,,,,,,,,,,,,,,,,,,,,,,,0.0,,,0.0,
433,,,,,,,,,,,,,,,,,,,,,,,,,,0.0,,,0.0,
434,,,,,,,,,,,,,,,,,,,,,,,,,,0.0,,,0.0,
435,,,,,,,,,,,,,,,,,,,,,,,,,,0.0,,,0.0,
436,,,,,,,,,,,,,,,,,,,,,,,,,,18.0,,,0.0,
437,,,,,,,,,,,,,,,,,,,,,,,,,,1.0,,,0.0,
438,,,,,,,,,,,,,,,,,,,,,,,,,,0.0,,,0.0,
439,,,,,,,,,,,,,,,,,,,,,,,,,,6.0,,,0.0,
440,,,,,,,,,,,,,,,,,,,,,,,,,,18.0,,,0.0,
441,,,,,,,,,,,,,,,,,,,,,,,,,,9.0,,,0.0,
442,,,,,,,,,,,,,,,,,,,,,,,,,,0.0,,,0.0,
443,,,,,,,,,,,,,,,,,,,,,,,,,,0.0,,,0.0,
444,,,,,,,,,,,,,,,,,,,,,,,,,,0.0,,,0.0,
445,,,,,,,,,,,,,,,,,,,,,,,,,,0.0,,,5.0,
446,,,,,,,,,,,,,,,,,,,,,,,,,,2.0,,,7.0,
447,,,,,,,,,,,,,,,,,,,,,,,,,,0.0,,,15.0,
448,,,,,,,,,,,,,,,,,,,,,,,,,,0.0,,,0.0,
449,,,,,,,,,,,,,,,,,,,,,,,,,,0.0,,,13.0,
450,,,,,,,,,,,,,,,,,,,,,,,,,,0.0,,,0.0,
451,,,,,,,,,,,,,,,,,,,,,,,,,,0.0,,,9.0,
452,,,,,,,,,,,,,,,,,,,,,,,,,,2.0,,,0.0,
453,,,,,,,,,,,,,,,,,,,,,,,,,,0.0,,,12.4,
454,,,,,,,,,,,,,,,,,,,,,,,,,,0.0,,,0.0,
455,,,,,,,,,,,,,,,,,,,,,,,,,,0.0,,,0.0,
456,,,,,,,,,,,,,,,,,,,,,,,,,,0.0,,,0.0,
457,,,,,,,,,,,,,,,,,,,,,,,,,,0.0,,,0.0,
458,,,,,,,,,,,,,,,,,,,,,,,,,,12.0,,,0.0,
459,,,,,,,,,,,,,,,,,,,,,,,,,,1.0,,,0.0,
460,,,,,,,,,,,,,,,,,,,,,,,,,,0.0,,,0.0,
461,,,,,,,,,,,,,,,,,,,,,,,,,,0.0,,,0.0,
462,,,,,,,,,,,,,,,,,,,,,,,,,,0.0,,,0.0,
463,,,,,,,,,,,,,,,,,,,,,,,,,,0.0,,,0.0,
464,,,,,,,,,,,,,,,,,,,,,,,,,,0.0,,,0.0,
465,,,,,,,,,,,,,,,,,,,,,,,,,,0.0,,,10.0,
466,,,,,,,,,,,,,,,,,,,,,,,,,,11.4,,,34.0,
467,,,,,,,,,,,,,,,,,,,,,,,,,,40.0,,,0.0,
468,,,,,,,,,,,,,,,,,,,,,,,,,,0.0,,,0.0,
469,,,,,,,,,,,,,,,,,,,,,,,,,,0.0,,,0.0,
470,,,,,,,,,,,,,,,,,,,,,,,,,,0.0,,,0.0,
471,,,,,,,,,,,,,,,,,,,,,,,,,,0.0,,,0.0,
472,,,,,,,,,,,,,,,,,,,,,,,,,,0.0,,,0.0,
473,,,,,,,,,,,,,,,,,,,,,,,,,,2.0,,,0.0,
474,,,,,,,,,,,,,,,,,,,,,,,,,,8.0,,,0.0,
475,,,,,,,,,,,,,,,,,,,,,,,,,,12.0,,,0.0,
476,,,,,,,,,,,,,,,,,,,,,,,,,,8.0,,,0.0,
477,,,,,,,,,,,,,,,,,,,,,,,,,,0.0,,,0.0,
478,,,,,,,,,,,,,,,,,,,,,,,,,,0.0,,,0.0,
479,,,,,,,,,,,,,,,,,,,,,,,,,,0.0,,,0.0,
480,,,,,,,,,,,,,,,,,,,,,,,,,,5.0,,,0.0,
481,,,,,,,,,,,,,,,,,,,,,,,,,,0.0,,,0.0,
482,,,,,,,,,,,,,,,,,,,,,,,,,,1.0,,,0.0,
483,,,,,,,,,,,,,,,,,,,,,,,,,,0.0,,,0.0,
484,,,,,,,,,,,,,,,,,,,,,,,,,,0.0,,,0.0,
485,,,,,,,,,,,,,,,,,,,,,,,,,,0.0,,,0.0,
486,,,,,,,,,,,,,,,,,,,,,,,,,,0.0,,,0.0,
487,,,,,,,,,,,,,,,,,,,,,,,,,,1.0,,,0.0,
488,,,,,,,,,,,,,,,,,,,,,,,,,,0.0,,,0.0,
489,,,,,,,,,,,,,,,,,,,,,,,,,,2.0,,,0.0,
490,,,,,,,,,,,,,,,,,,,,,,,,,,0.0,,,9.5,
491,,,,,,,,,,,,,,,,,,,,,,,,,,0.0,,,3.0,
492,,,,,,,,,,,,,,,,,,,,,,,,,,0.0,,,2.0,
493,,,,,,,,,,,,,,,,,,,,,,,,,,0.0,,,0.0,
494,,,,,,,,,,,,,,,,,,,,,,,,,,2.0,,,0.0,
495,,,,,,,,,,,,,,,,,,,,,,,,,,0.0,,,0.0,
496,,,,,,,,,,,,,,,,,,,,,,,,,,0.0,,,0.0,
497,,,,,,,,,,,,,,,,,,,,,,,,,,22.0,,,7.0,
498,,,,,,,,,,,,,,,,,,,,,,,,,,0.0,,,10.0,
499,,,,,,,,,,,,,,,,,,,,,,,,,,0.0,,,0.0,
500,,,,,,,,,,,,,,,,,,,,,,,,,,0.0,,,3.0,
501,,,,,,,,,,,,,,,,,,,,,,,,,,0.0,,,0.0,
502,,,,,,,,,,,,,,,,,,,,,,,,,,0.0,,,0.0,
503,,,,,,,,,,,,,,,,,,,,,,,,,,6.0,,,1.0,
504,,,,,,,,,,,,,,,,,,,,,,,,,,0.0,,,0.0,
505,,,,,,,,,,,,,,,,,,,,,,,,,,3.0,,,3.0,
506,,,,,,,,,,,,,,,,,,,,,,,,,,11.0,,,2.0,
507,,,,,,,,,,,,,,,,,,,,,,,,,,0.0,,,0.0,
508,,,,,,,,,,,,,,,,,,,,,,,,,,16.2,,,3.0,
509,,,,,,,,,,,,,,,,,,,,,,,,,,0.0,,,1.0,
510,,,,,,,,,,,,,,,,,,,,,,,,,,23.6,,,0.0,
511,,,,,,,,,,,,,,,,,,,,,,,,,,7.0,,,13.0,
512,,,,,,,,,,,,,,,,,,,,,,,,,,15.6,,,1.0,
513,,,,,,,,,,,,,,,,,,,,,,,,,,6.0,,,3.0,
514,,,,,,,,,,,,,,,,,,,,,,,,,,0.0,,,0.0,
515,,,,,,,,,,,,,,,,,,,,,,,,,,0.0,,,4.0,
516,,,,,,,,,,,,,,,,,,,,,,,,,,0.0,,,4.6,
517,,,,,,,,,,,,,,,,,,,,,,,,,,0.0,,,13.0,
518,,,,,,,,,,,,,,,,,,,,,,,,,,10.0,,,0.0,
519,,,,,,,,,,,,,,,,,,,,,,,,,,8.0,,,4.0,
520,,,,,,,,,,,,,,,,,,,,,,,,,,13.0,,,0.0,
521,,,,,,,,,,,,,,,,,,,,,,,,,,19.0,,,0.0,
522,,,,,,,,,,,,,,,,,,,,,,,,,,27.0,,,0.0,
523,,,,,,,,,,,,,,,,,,,,,,,,,,0.0,,,41.0,
524,,,,,,,,,,,,,,,,,,,,,,,,,,29.0,,,0.0,
525,,,,,,,,,,,,,,,,,,,,,,,,,,6.0,,,0.0,
526,,,,,,,,,,,,,,,,,,,,,,,,,,2.0,,,0.0,
527,,,,,,,,,,,,,,,,,,,,,,,,,,17.0,,,0.0,
528,,,,,,,,,,,,,,,,,,,,,,,,,,0.0,,,0.0,
529,,,,,,,,,,,,,,,,,,,,,,,,,,0.0,,,0.0,
530,,,,,,,,,,,,,,,,,,,,,,,,,,0.0,,,4.0,
531,,,,,,,,,,,,,,,,,,,,,,,,,,0.0,,,2.0,
532,,,,,,,,,,,,,,,,,,,,,,,,,,5.2,,,0.0,
533,,,,,,,,,,,,,,,,,,,,,,,,,,0.0,,,0.0,
534,,,,,,,,,,,,,,,,,,,,,,,,,,0.0,,,0.0,
535,,,,,,,,,,,,,,,,,,,,,,,,,,0.0,,,0.0,
536,,,,,,,,,,,,,,,,,,,,,,,,,,0.0,,,0.0,
537,,,,,,,,,,,,,,,,,,,,,,,,,,0.0,,,0.0,
538,,,,,,,,,,,,,,,,,,,,,,,,,,0.0,,,0.0,
539,,,,,,,,,,,,,,,,,,,,,,,,,,0.0,,,0.0,
540,,,,,,,,,,,,,,,,,,,,,,,,,,0.0,,,0.0,
541,,,,,,,,,,,,,,,,,,,,,,,,,,40.0,,,0.0,
542,,,,,,,,,,,,,,,,,,,,,,,,,,3.6,,,4.0,
543,,,,,,,,,,,,,,,,,,,,,,,,,,10.4,,,5.0,
544,,,,,,,,,,,,,,,,,,,,,,,,,,20.0,,,6.0,
545,,,,,,,,,,,,,,,,,,,,,,,,,,23.0,,,92.0,
546,,,,,,,,,,,,,,,,,,,,,,,,,,29.0,,,132.0,
547,,,,,,,,,,,,,,,,,,,,,,,,,,3.0,,,67.0,
548,,,,,,,,,,,,,,,,,,,,,,,,,,22.6,,,4.0,
549,,,,,,,,,,,,,,,,,,,,,,,,,,15.0,,,0.0,
550,,,,,,,,,,,,,,,,,,,,,,,,,,75.6,,,3.2,
551,,,,,,,,,,,,,,,,,,,,,,,,,,7.0,,,3.6,
552,,,,,,,,,,,,,,,,,,,,,,,,,,20.0,,,9.0,
553,,,,,,,,,,,,,,,,,,,,,,,,,,18.0,,,0.0,
554,,,,,,,,,,,,,,,,,,,,,,,,,,39.0,,,0.0,
555,,,,,,,,,,,,,,,,,,,,,,,,,,29.0,,,5.2,
556,,,,,,,,,,,,,,,,,,,,,,,,,,65.0,,,26.0,
557,,,,,,,,,,,,,,,,,,,,,,,,,,6.6,,,2.0,
558,,,,,,,,,,,,,,,,,,,,,,,,,,27.0,,,21.0,
559,,,,,,,,,,,,,,,,,,,,,,,,,,40.0,,,80.6,
560,,,,,,,,,,,,,,,,,,,,,,,,,,42.0,,,28.0,
561,,,,,,,,,,,,,,,,,,,,,,,,,,13.0,,,31.0,
562,,,,,,,,,,,,,,,,,,,,,,,,,,2.0,,,2.0,
563,,,,,,,,,,,,,,,,,,,,,,,,,,29.0,,,40.0,
564,,,,,,,,,,,,,,,,,,,,,,,,,,1.0,,,0.0,
565,,,,,,,,,,,,,,,,,,,,,,,,,,43.0,,,18.0,
566,,,,,,,,,,,,,,,,,,,,,,,,,,31.6,,,11.0,
567,,,,,,,,,,,,,,,,,,,,,,,,,,12.0,,,174.0,
568,,,,,,,,,,,,,,,,,,,,,,,,,,74.6,,,26.0,
569,,,,,,,,,,,,,,,,,,,,,,,,,,3.0,,,3.0,
570,,,,,,,,,,,,,,,,,,,,,,,,,,5.0,,,11.0,
571,,,,,,,,,,,,,,,,,,,,,,,,,,13.0,,,15.0,
572,,,,,,,,,,,,,,,,,,,,,,,,,,16.0,,,1.0,
573,,,,,,,,,,,,,,,,,,,,,,,,,,20.6,,,27.0,
574,,,,,,,,,,,,,,,,,,,,,,,,,,39.0,,,46.0,
575,,,,,,,,,,,,,,,,,,,,,,,,,,1.0,,,53.0,
576,,,,,,,,,,,,,,,,,,,,,,,,,,23.0,,,30.0,
577,,,,,,,,,,,,,,,,,,,,,,,,,,0.0,,,15.0,
578,,,,,,,,,,,,,,,,,,,,,,,,,,34.6,,,9.0,
579,,,,,,,,,,,,,,,,,,,,,,,,,,5.0,,,13.0,
580,,,,,,,,,,,,,,,,,,,,,,,,,,8.0,,,31.0,
581,,,,,,,,,,,,,,,,,,,,,,,,,,0.0,,,10.0,
582,,,,,,,,,,,,,,,,,,,,,,,,,,11.0,,,1.0,
583,,,,,,,,,,,,,,,,,,,,,,,,,,7.0,,,31.0,
584,,,,,,,,,,,,,,,,,,,,,,,,,,6.4,,,39.0,
585,,,,,,,,,,,,,,,,,,,,,,,,,,11.0,,,40.0,
586,,,,,,,,,,,,,,,,,,,,,,,,,,35.0,,,38.0,
587,,,,,,,,,,,,,,,,,,,,,,,,,,47.0,,,59.0,
588,,,,,,,,,,,,,,,,,,,,,,,,,,0.0,,,17.6,
589,,,,,,,,,,,,,,,,,,,,,,,,,,41.0,,,3.0,
590,,,,,,,,,,,,,,,,,,,,,,,,,,0.0,,,26.0,
591,,,,,,,,,,,,,,,,,,,,,,,,,,21.0,,,7.0,
592,,,,,,,,,,,,,,,,,,,,,,,,,,45.0,,,13.0,
593,,,,,,,,,,,,,,,,,,,,,,,,,,43.0,,,36.0,
594,,,,,,,,,,,,,,,,,,,,,,,,,,49.0,,,12.0,
595,,,,,,,,,,,,,,,,,,,,,,,,,,3.0,,,22.0,
596,,,,,,,,,,,,,,,,,,,,,,,,,,0.0,,,35.0,
597,,,,,,,,,,,,,,,,,,,,,,,,,,1.0,,,41.0,
598,,,,,,,,,,,,,,,,,,,,,,,,,,2.0,,,13.0,
599,,,,,,,,,,,,,,,,,,,,,,,,,,14.0,,,0.0,
600,,,,,,,,,,,,,,,,,,,,,,,,,,15.0,,,0.0,
601,,,,,,,,,,,,,,,,,,,,,,,,,,1.0,,,0.0,
602,,,,,,,,,,,,,,,,,,,,,,,,,,6.0,,,7.0,
603,,,,,,,,,,,,,,,,,,,,,,,,,,29.0,,,23.0,
604,,,,,,,,,,,,,,,,,,,,,,,,,,30.0,,,34.0,
605,,,,,,,,,,,,,,,,,,,,,,,,,,107.0,,,2.0,
606,,,,,,,,,,,,,,,,,,,,,,,,,,73.0,,,11.0,
607,,,,,,,,,,,,,,,,,,,,,,,,,,6.0,,,3.6,
608,,,,,,,,,,,,,,,,,,,,,,,,,,50.0,,,35.0,
609,,,,,,,,,,,,,,,,,,,,,,,,,,12.0,,,33.0,
610,,,,,,,,,,,,,,,,,,,,,,,,,,5.6,,,0.0,
611,,,,,,,,,,,,,,,,,,,,,,,,,,3.0,,,0.0,
612,,,,,,,,,,,,,,,,,,,,,,,,,,1.0,,,6.0,
613,,,,,,,,,,,,,,,,,,,,,,,,,,0.0,,,0.0,
614,,,,,,,,,,,,,,,,,,,,,,,,,,9.0,,,76.0,
615,,,,,,,,,,,,,,,,,,,,,,,,,,0.0,,,78.0,
616,,,,,,,,,,,,,,,,,,,,,,,,,,10.0,,,59.0,
617,,,,,,,,,,,,,,,,,,,,,,,,,,10.0,,,26.0,
618,,,,,,,,,,,,,,,,,,,,,,,,,,5.0,,,0.0,
619,,,,,,,,,,,,,,,,,,,,,,,,,,3.0,,,0.0,
620,,,,,,,,,,,,,,,,,,,,,,,,,,66.4,,,0.0,
621,,,,,,,,,,,,,,,,,,,,,,,,,,56.0,,,0.0,
622,,,,,,,,,,,,,,,,,,,,,,,,,,10.0,,,0.0,
623,,,,,,,,,,,,,,,,,,,,,,,,,,3.2,,,0.0,
624,,,,,,,,,,,,,,,,,,,,,,,,,,0.0,,,0.0,
625,,,,,,,,,,,,,,,,,,,,,,,,,,0.0,,,0.0,
626,,,,,,,,,,,,,,,,,,,,,,,,,,0.0,,,0.0,
627,,,,,,,,,,,,,,,,,,,,,,,,,,5.0,,,0.0,
628,,,,,,,,,,,,,,,,,,,,,,,,,,54.0,,,0.0,
629,,,,,,,,,,,,,,,,,,,,,,,,,,21.6,,,0.0,
630,,,,,,,,,,,,,,,,,,,,,,,,,,4.0,,,0.0,
631,,,,,,,,,,,,,,,,,,,,,,,,,,2.0,,,0.0,
632,,,,,,,,,,,,,,,,,,,,,,,,,,3.0,,,0.0,
633,,,,,,,,,,,,,,,,,,,,,,,,,,1.0,,,0.0,
634,,,,,,,,,,,,,,,,,,,,,,,,,,32.0,,,0.0,
635,,,,,,,,,,,,,,,,,,,,,,,,,,2.4,,,0.0,
636,,,,,,,,,,,,,,,,,,,,,,,,,,0.0,,,0.0,
637,,,,,,,,,,,,,,,,,,,,,,,,,,0.0,,,0.0,
638,,,,,,,,,,,,,,,,,,,,,,,,,,0.0,,,0.0,
639,,,,,,,,,,,,,,,,,,,,,,,,,,0.0,,,0.0,
640,,,,,,,,,,,,,,,,,,,,,,,,,,0.0,,,9.0,
641,,,,,,,,,,,,,,,,,,,,,,,,,,0.0,,,14.0,
642,,,,,,,,,,,,,,,,,,,,,,,,,,0.0,,,3.6,
643,,,,,,,,,,,,,,,,,,,,,,,,,,0.0,,,10.0,
644,,,,,,,,,,,,,,,,,,,,,,,,,,0.0,,,36.0,
645,,,,,,,,,,,,,,,,,,,,,,,,,,0.0,,,19.0,
646,,,,,,,,,,,,,,,,,,,,,,,,,,8.0,,,7.6,
647,,,,,,,,,,,,,,,,,,,,,,,,,,0.0,,,43.6,
648,,,,,,,,,,,,,,,,,,,,,,,,,,0.0,,,21.0,
649,,,,,,,,,,,,,,,,,,,,,,,,,,2.0,,,65.0,
650,,,,,,,,,,,,,,,,,,,,,,,,,,0.0,,,1.0,
651,,,,,,,,,,,,,,,,,,,,,,,,,,1.0,,,26.0,
652,,,,,,,,,,,,,,,,,,,,,,,,,,24.0,,,0.0,
653,,,,,,,,,,,,,,,,,,,,,,,,,,3.0,,,3.0,
654,,,,,,,,,,,,,,,,,,,,,,,,,,0.0,,,33.0,
655,,,,,,,,,,,,,,,,,,,,,,,,,,0.0,,,0.0,
656,,,,,,,,,,,,,,,,,,,,,,,,,,0.0,,,0.0,
657,,,,,,,,,,,,,,,,,,,,,,,,,,0.0,,,0.0,
658,,,,,,,,,,,,,,,,,,,,,,,,,,0.0,,,0.0,
659,,,,,,,,,,,,,,,,,,,,,,,,,,4.0,,,0.0,
660,,,,,,,,,,,,,,,,,,,,,,,,,,0.0,,,0.0,
661,,,,,,,,,,,,,,,,,,,,,,,,,,3.0,,,12.0,
662,,,,,,,,,,,,,,,,,,,,,,,,,,0.0,,,0.0,
663,,,,,,,,,,,,,,,,,,,,,,,,,,0.0,,,2.2,
664,,,,,,,,,,,,,,,,,,,,,,,,,,0.0,,,3.0,
665,,,,,,,,,,,,,,,,,,,,,,,,,,0.0,,,14.0,
666,,,,,,,,,,,,,,,,,,,,,,,,,,0.0,,,0.0,
667,,,,,,,,,,,,,,,,,,,,,,,,,,0.0,,,0.0,
668,,,,,,,,,,,,,,,,,,,,,,,,,,0.0,,,9.0,
669,,,,,,,,,,,,,,,,,,,,,,,,,,0.0,,,14.0,
670,,,,,,,,,,,,,,,,,,,,,,,,,,0.0,,,0.0,
671,,,,,,,,,,,,,,,,,,,,,,,,,,0.0,,,0.0,
672,,,,,,,,,,,,,,,,,,,,,,,,,,0.0,,,0.0,
673,,,,,,,,,,,,,,,,,,,,,,,,,,0.0,,,0.0,
674,,,,,,,,,,,,,,,,,,,,,,,,,,0.0,,,0.0,
675,,,,,,,,,,,,,,,,,,,,,,,,,,0.0,,,0.0,
676,,,,,,,,,,,,,,,,,,,,,,,,,,0.0,,,0.0,
677,,,,,,,,,,,,,,,,,,,,,,,,,,0.0,,,0.0,
678,,,,,,,,,,,,,,,,,,,,,,,,,,1.0,,,0.0,
679,,,,,,,,,,,,,,,,,,,,,,,,,,0.0,,,0.0,
680,,,,,,,,,,,,,,,,,,,,,,,,,,0.0,,,0.0,
681,,,,,,,,,,,,,,,,,,,,,,,,,,0.0,,,0.0,
682,,,,,,,,,,,,,,,,,,,,,,,,,,0.0,,,0.0,
683,,,,,,,,,,,,,,,,,,,,,,,,,,0.0,,,19.0,
684,,,,,,,,,,,,,,,,,,,,,,,,,,0.0,,,7.0,
685,,,,,,,,,,,,,,,,,,,,,,,,,,0.0,,,0.0,
686,,,,,,,,,,,,,,,,,,,,,,,,,,0.0,,,0.0,
687,,,,,,,,,,,,,,,,,,,,,,,,,,0.0,,,0.0,
688,,,,,,,,,,,,,,,,,,,,,,,,,,0.0,,,0.0,
689,,,,,,,,,,,,,,,,,,,,,,,,,,0.0,,,0.0,
690,,,,,,,,,,,,,,,,,,,,,,,,,,0.0,,,0.0,
691,,,,,,,,,,,,,,,,,,,,,,,,,,0.0,,,0.0,
692,,,,,,,,,,,,,,,,,,,,,,,,,,0.0,,,0.0,
693,,,,,,,,,,,,,,,,,,,,,,,,,,1.0,,,0.0,
694,,,,,,,,,,,,,,,,,,,,,,,,,,0.0,,,0.0,
695,,,,,,,,,,,,,,,,,,,,,,,,,,0.0,,,0.0,
696,,,,,,,,,,,,,,,,,,,,,,,,,,0.0,,,0.0,
697,,,,,,,,,,,,,,,,,,,,,,,,,,0.0,,,0.0,
698,,,,,,,,,,,,,,,,,,,,,,,,,,0.0,,,0.0,
699,,,,,,,,,,,,,,,,,,,,,,,,,,0.0,,,0.0,
700,,,,,,,,,,,,,,,,,,,,,,,,,,0.0,,,0.0,
701,,,,,,,,,,,,,,,,,,,,,,,,,,0.0,,,0.0,
702,,,,,,,,,,,,,,,,,,,,,,,,,,0.0,,,0.0,
703,,,,,,,,,,,,,,,,,,,,,,,,,,0.0,,,0.0,
704,,,,,,,,,,,,,,,,,,,,,,,,,,0.0,,,0.0,
705,,,,,,,,,,,,,,,,,,,,,,,,,,1.0,,,0.0,
706,,,,,,,,,,,,,,,,,,,,,,,,,,2.6,,,0.0,
707,,,,,,,,,,,,,,,,,,,,,,,,,,0.0,,,0.0,
708,,,,,,,,,,,,,,,,,,,,,,,,,,0.0,,,0.0,
709,,,,,,,,,,,,,,,,,,,,,,,,,,0.0,,,0.0,
710,,,,,,,,,,,,,,,,,,,,,,,,,,0.0,,,0.0,
711,,,,,,,,,,,,,,,,,,,,,,,,,,12.0,,,0.0,
712,,,,,,,,,,,,,,,,,,,,,,,,,,7.0,,,0.0,
713,,,,,,,,,,,,,,,,,,,,,,,,,,0.0,,,0.0,
714,,,,,,,,,,,,,,,,,,,,,,,,,,0.0,,,0.0,
715,,,,,,,,,,,,,,,,,,,,,,,,,,0.0,,,0.0,
716,,,,,,,,,,,,,,,,,,,,,,,,,,0.0,,,0.0,
717,,,,,,,,,,,,,,,,,,,,,,,,,,0.0,,,0.0,
718,,,,,,,,,,,,,,,,,,,,,,,,,,0.0,,,0.0,
719,,,,,,,,,,,,,,,,,,,,,,,,,,0.0,,,0.0,
720,,,,,,,,,,,,,,,,,,,,,,,,,,0.0,,,0.0,
721,,,,,,,,,,,,,,,,,,,,,,,,,,0.0,,,0.0,
722,,,,,,,,,,,,,,,,,,,,,,,,,,0.0,,,0.0,
723,,,,,,,,,,,,,,,,,,,,,,,,,,0.0,,,0.0,
724,,,,,,,,,,,,,,,,,,,,,,,,,,0.0,,,0.0,
725,,,,,,,,,,,,,,,,,,,,,,,,,,0.0,,,0.0,
726,,,,,,,,,,,,,,,,,,,,,,,,,,0.0,,,0.0,
727,,,,,,,,,,,,,,,,,,,,,,,,,,0.0,,,0.0,
728,,,,,,,,,,,,,,,,,,,,,,,,,,0.0,,,0.0,
729,,,,,,,,,,,,,,,,,,,,,,,,,,0.0,,,0.0,
730,,,,,,,,,,,,,,,,,,,,,,,,,,0.0,,,0.0,
731,,,,,,,,,,,,,,,,,,,,,,,,,,0.0,,,0.0,
732,,,,,,,,,,,,,,,,,,,,,,,,,,,,,,
